season,matchweek,team,overall_pos,overall_wins,overall_loss,overall_draws,overall_points,overall_played,overall_gf,overall_ga,overall_gd,home_pos,home_wins,home_loss,home_draws,home_points,home_played,home_gf,home_ga,home_gd,away_pos,away_wins,away_loss,away_draws,away_points,away_played,away_gf,away_ga,away_gd,champion_label
2023,2,Brighton and Hove Albion,1,2,0,0,6,2,8,2,6,3,1,0,0,3,1,4,1,3,1,1,0,0,3,1,4,1,3,0
2023,2,Manchester City,2,2,0,0,6,2,4,0,4,9,1,0,0,3,1,1,0,1,3,1,0,0,3,1,3,0,3,1
2023,2,Arsenal,3,2,0,0,6,2,3,1,2,7,1,0,0,3,1,2,1,1,4,1,0,0,3,1,1,0,1,0
2023,2,Brentford,4,1,0,1,4,2,5,2,3,11,0,0,1,1,1,2,2,0,2,1,0,0,3,1,3,0,3,0
2023,2,Liverpool,5,1,0,1,4,2,4,2,2,4,1,0,0,3,1,3,1,2,8,0,0,1,1,1,1,1,0,0
2023,2,Tottenham Hotspur,6,1,0,1,4,2,4,2,2,6,1,0,0,3,1,2,0,2,7,0,0,1,1,1,2,2,0,0
2023,2,West Ham United,7,1,0,1,4,2,4,2,2,5,1,0,0,3,1,3,1,2,9,0,0,1,1,1,1,1,0,0
2023,2,Newcastle United,8,1,1,0,3,2,5,2,3,1,1,0,0,3,1,5,1,4,13,0,1,0,0,1,0,1,-1,0
2023,2,Aston Villa,9,1,1,0,3,2,5,5,0,2,1,0,0,3,1,4,0,4,19,0,1,0,0,1,1,5,-4,0
2023,2,Nottingham Forest,10,1,1,0,3,2,3,3,0,8,1,0,0,3,1,2,1,1,11,0,1,0,0,1,1,2,-1,0
2023,2,Crystal Palace,11,1,1,0,3,2,1,1,0,15,0,1,0,0,1,0,1,-1,5,1,0,0,3,1,1,0,1,0
2023,2,Manchester United,12,1,1,0,3,2,1,2,-1,10,1,0,0,3,1,1,0,1,17,0,1,0,0,1,0,2,-2,0
2023,2,Fulham,13,1,1,0,3,2,1,3,-2,20,0,1,0,0,1,0,3,-3,6,1,0,0,3,1,1,0,1,0
2023,2,Bournemouth,14,0,1,1,1,2,2,4,-2,12,0,0,1,1,1,1,1,0,15,0,1,0,0,1,1,3,-2,0
2023,2,Chelsea,15,0,1,1,1,2,2,4,-2,13,0,0,1,1,1,1,1,0,16,0,1,0,0,1,1,3,-2,0
2023,2,Sheffield United,16,0,2,0,0,2,1,3,-2,17,0,1,0,0,1,0,1,-1,12,0,1,0,0,1,1,2,-1,0
2023,2,Luton Town,17,0,1,0,0,1,1,4,-3,14,0,0,0,0,0,0,0,0,18,0,1,0,0,1,1,4,-3,0
2023,2,Burnley,18,0,1,0,0,1,0,3,-3,19,0,1,0,0,1,0,3,-3,10,0,0,0,0,0,0,0,0,0
2023,2,Wolverhampton Wanderers,19,0,2,0,0,2,1,5,-4,18,0,1,0,0,1,1,4,-3,14,0,1,0,0,1,0,1,-1,0
2023,2,Everton,20,0,2,0,0,2,0,5,-5,16,0,1,0,0,1,0,1,-1,20,0,1,0,0,1,0,4,-4,0
2023,3,Manchester City,1,3,0,0,9,3,6,1,5,11,1,0,0,3,1,1,0,1,1,2,0,0,6,2,5,1,4,1
2023,3,West Ham United,2,2,0,1,7,3,7,3,4,7,1,0,0,3,1,3,1,2,3,1,0,1,4,2,4,2,2,0
2023,3,Tottenham Hotspur,3,2,0,1,7,3,6,2,4,8,1,0,0,3,1,2,0,2,2,1,0,1,4,2,4,2,2,0
2023,3,Liverpool,4,2,0,1,7,3,6,3,3,6,1,0,0,3,1,3,1,2,5,1,0,1,4,2,3,2,1,0
2023,3,Arsenal,5,2,0,1,7,3,5,3,2,3,1,0,1,4,2,4,3,1,9,1,0,0,3,1,1,0,1,0
2023,3,Brighton and Hove Albion,6,2,1,0,6,3,9,5,4,9,1,1,0,3,2,5,4,1,7,1,0,0,3,1,4,1,3,0
2023,3,Aston Villa,7,2,1,0,6,3,8,6,2,4,1,0,0,3,1,4,0,4,11,1,1,0,3,2,4,6,-2,0
2023,3,Manchester United,8,2,1,0,6,3,4,4,0,1,2,0,0,6,2,4,2,2,18,0,1,0,0,1,0,2,-2,0
2023,3,Brentford,9,1,0,2,5,3,6,3,3,12,0,0,2,2,2,3,3,0,8,1,0,0,3,1,3,0,3,0
2023,3,Chelsea,10,1,1,1,4,3,5,4,1,2,1,0,1,4,2,4,1,3,17,0,1,0,0,1,1,3,-2,0
2023,3,Crystal Palace,11,1,1,1,4,3,2,2,0,15,0,1,0,0,1,0,1,-1,6,1,0,1,4,2,2,1,1,0
2023,3,Fulham,12,1,1,1,4,3,3,5,-2,19,0,1,0,0,1,0,3,-3,4,1,0,1,4,2,3,2,1,0
2023,3,Newcastle United,13,1,2,0,3,3,6,4,2,5,1,1,0,3,2,6,3,3,14,0,1,0,0,1,0,1,-1,0
2023,3,Nottingham Forest,14,1,2,0,3,3,5,6,-1,10,1,0,0,3,1,2,1,1,15,0,2,0,0,2,3,5,-2,0
2023,3,Wolverhampton Wanderers,15,1,2,0,3,3,2,5,-3,18,0,1,0,0,1,1,4,-3,10,1,1,0,3,2,1,1,0,0
2023,3,Bournemouth,16,0,2,1,1,3,2,6,-4,13,0,1,1,1,2,1,3,-2,16,0,1,0,0,1,1,3,-2,0
2023,3,Sheffield United,17,0,3,0,0,3,2,5,-3,16,0,2,0,0,2,1,3,-2,13,0,1,0,0,1,1,2,-1,0
2023,3,Burnley,18,0,2,0,0,2,1,6,-5,20,0,2,0,0,2,1,6,-5,12,0,0,0,0,0,0,0,0,0
2023,3,Luton Town,19,0,2,0,0,2,1,7,-6,14,0,0,0,0,0,0,0,0,20,0,2,0,0,2,1,7,-6,0
2023,3,Everton,20,0,3,0,0,3,0,6,-6,17,0,2,0,0,2,0,2,-2,19,0,1,0,0,1,0,4,-4,0
2023,4,Manchester City,1,4,0,0,12,4,11,2,9,3,2,0,0,6,2,6,1,5,3,2,0,0,6,2,5,1,4,1
2023,4,Tottenham Hotspur,2,3,0,1,10,4,11,4,7,10,1,0,0,3,1,2,0,2,1,2,0,1,7,3,9,4,5,0
2023,4,Liverpool,3,3,0,1,10,4,9,3,6,2,2,0,0,6,2,6,1,5,4,1,0,1,4,2,3,2,1,0
2023,4,West Ham United,4,3,0,1,10,4,9,4,5,9,1,0,0,3,1,3,1,2,2,2,0,1,7,3,6,3,3,0
2023,4,Arsenal,5,3,0,1,10,4,8,4,4,1,2,0,1,7,3,7,4,3,9,1,0,0,3,1,1,0,1,0
2023,4,Brighton and Hove Albion,6,3,1,0,9,4,12,6,6,4,2,1,0,6,3,8,5,3,7,1,0,0,3,1,4,1,3,0
2023,4,Crystal Palace,7,2,1,1,7,4,5,4,1,13,1,1,0,3,2,3,3,0,5,1,0,1,4,2,2,1,1,0
2023,4,Brentford,8,1,0,3,6,4,8,5,3,12,0,0,3,3,3,5,5,0,8,1,0,0,3,1,3,0,3,0
2023,4,Nottingham Forest,9,2,2,0,6,4,6,6,0,11,1,0,0,3,1,2,1,1,10,1,2,0,3,3,4,5,-1,0
2023,4,Aston Villa,10,2,2,0,6,4,8,9,-1,7,1,0,0,3,1,4,0,4,12,1,2,0,3,3,4,9,-5,0
2023,4,Manchester United,11,2,2,0,6,4,5,7,-2,5,2,0,0,6,2,4,2,2,19,0,2,0,0,2,1,5,-4,0
2023,4,Chelsea,12,1,2,1,4,4,5,5,0,6,1,1,1,4,3,4,2,2,17,0,1,0,0,1,1,3,-2,0
2023,4,Fulham,13,1,2,1,4,4,4,10,-6,19,0,1,0,0,1,0,3,-3,6,1,1,1,4,3,4,7,-3,0
2023,4,Newcastle United,14,1,3,0,3,4,7,7,0,8,1,1,0,3,2,6,3,3,18,0,2,0,0,2,1,4,-3,0
2023,4,Wolverhampton Wanderers,15,1,3,0,3,4,4,8,-4,18,0,1,0,0,1,1,4,-3,11,1,2,0,3,3,3,4,-1,0
2023,4,Bournemouth,16,0,2,2,2,4,4,8,-4,15,0,1,1,1,2,1,3,-2,13,0,1,1,1,2,3,5,-2,0
2023,4,Sheffield United,17,0,3,1,1,4,4,7,-3,14,0,2,1,1,3,3,5,-2,16,0,1,0,0,1,1,2,-1,0
2023,4,Everton,18,0,3,1,1,4,2,8,-6,17,0,2,0,0,2,0,2,-2,14,0,1,1,1,2,2,6,-4,0
2023,4,Luton Town,19,0,3,0,0,3,2,9,-7,16,0,1,0,0,1,1,2,-1,20,0,2,0,0,2,1,7,-6,0
2023,4,Burnley,20,0,3,0,0,3,3,11,-8,20,0,3,0,0,3,3,11,-8,15,0,0,0,0,0,0,0,0,0
2023,5,Manchester City,1,5,0,0,15,5,14,3,11,4,2,0,0,6,2,6,1,5,1,3,0,0,9,3,8,2,6,1
2023,5,Tottenham Hotspur,2,4,0,1,13,5,13,5,8,7,2,0,0,6,2,4,1,3,2,2,0,1,7,3,9,4,5,0
2023,5,Liverpool,3,4,0,1,13,5,12,4,8,3,2,0,0,6,2,6,1,5,3,2,0,1,7,3,6,3,3,0
2023,5,Arsenal,4,4,0,1,13,5,9,4,5,1,2,0,1,7,3,7,4,3,6,2,0,0,6,2,2,0,2,0
2023,5,Brighton and Hove Albion,5,4,1,0,12,5,15,7,8,6,2,1,0,6,3,8,5,3,5,2,0,0,6,2,7,2,5,0
2023,5,West Ham United,6,3,1,1,10,5,10,7,3,12,1,1,0,3,2,4,4,0,4,2,0,1,7,3,6,3,3,0
2023,5,Aston Villa,7,3,2,0,9,5,11,10,1,2,2,0,0,6,2,7,1,6,12,1,2,0,3,3,4,9,-5,0
2023,5,Nottingham Forest,8,2,2,1,7,5,7,7,0,10,1,0,1,4,2,3,2,1,10,1,2,0,3,3,4,5,-1,0
2023,5,Crystal Palace,9,2,2,1,7,5,6,7,-1,13,1,1,0,3,2,3,3,0,7,1,1,1,4,3,3,4,-1,0
2023,5,Fulham,10,2,2,1,7,5,5,10,-5,14,1,1,0,3,2,1,3,-2,8,1,1,1,4,3,4,7,-3,0
2023,5,Brentford,11,1,1,3,6,5,8,6,2,11,0,0,3,3,3,5,5,0,9,1,1,0,3,2,3,1,2,0
2023,5,Newcastle United,12,2,3,0,6,5,8,7,1,5,2,1,0,6,3,7,3,4,18,0,2,0,0,2,1,4,-3,0
2023,5,Manchester United,13,2,3,0,6,5,6,10,-4,8,2,1,0,6,3,5,5,0,19,0,2,0,0,2,1,5,-4,0
2023,5,Chelsea,14,1,2,2,5,5,5,5,0,9,1,1,1,4,3,4,2,2,15,0,1,1,1,2,1,3,-2,0
2023,5,Bournemouth,15,0,2,3,3,5,4,8,-4,15,0,1,2,2,3,1,3,-2,14,0,1,1,1,2,3,5,-2,0
2023,5,Wolverhampton Wanderers,16,1,4,0,3,5,5,11,-6,19,0,2,0,0,2,2,7,-5,11,1,2,0,3,3,3,4,-1,0
2023,5,Sheffield United,17,0,4,1,1,5,5,9,-4,16,0,2,1,1,3,3,5,-2,17,0,2,0,0,2,2,4,-2,0
2023,5,Everton,18,0,4,1,1,5,2,9,-7,18,0,3,0,0,3,0,3,-3,16,0,1,1,1,2,2,6,-4,0
2023,5,Burnley,19,0,3,1,1,4,4,12,-8,20,0,3,0,0,3,3,11,-8,13,0,0,1,1,1,1,1,0,0
2023,5,Luton Town,20,0,4,0,0,4,2,10,-8,17,0,1,0,0,1,1,2,-1,20,0,3,0,0,3,1,8,-7,0
2023,6,Manchester City,1,6,0,0,18,6,16,3,13,2,3,0,0,9,3,8,1,7,1,3,0,0,9,3,8,2,6,1
2023,6,Liverpool,2,5,0,1,16,6,15,5,10,1,3,0,0,9,3,9,2,7,3,2,0,1,7,3,6,3,3,0
2023,6,Brighton and Hove Albion,3,5,1,0,15,6,18,8,10,3,3,1,0,9,4,11,6,5,5,2,0,0,6,2,7,2,5,0
2023,6,Tottenham Hotspur,4,4,0,2,14,6,15,7,8,7,2,0,0,6,2,4,1,3,2,2,0,2,8,4,11,6,5,0
2023,6,Arsenal,5,4,0,2,14,6,11,6,5,4,2,0,2,8,4,9,6,3,6,2,0,0,6,2,2,0,2,0
2023,6,Aston Villa,6,4,2,0,12,6,12,10,2,5,2,0,0,6,2,7,1,6,7,2,2,0,6,4,5,9,-4,0
2023,6,West Ham United,7,3,2,1,10,6,11,10,1,12,1,1,0,3,2,4,4,0,4,2,1,1,7,4,7,6,1,0
2023,6,Newcastle United,8,3,3,0,9,6,16,7,9,6,2,1,0,6,3,7,3,4,12,1,2,0,3,3,9,4,5,0
2023,6,Manchester United,9,3,3,0,9,6,7,10,-3,8,2,1,0,6,3,5,5,0,15,1,2,0,3,3,2,5,-3,0
2023,6,Crystal Palace,10,2,2,2,8,6,6,7,-1,11,1,1,1,4,3,3,3,0,10,1,1,1,4,3,3,4,-1,0
2023,6,Fulham,11,2,2,2,8,6,5,10,-5,14,1,1,0,3,2,1,3,-2,8,1,1,2,5,4,4,7,-3,0
2023,6,Nottingham Forest,12,2,3,1,7,6,7,9,-2,10,1,0,1,4,2,3,2,1,14,1,3,0,3,4,4,7,-3,0
2023,6,Brentford,13,1,2,3,6,6,9,9,0,13,0,1,3,3,4,6,8,-2,13,1,1,0,3,2,3,1,2,0
2023,6,Chelsea,14,1,3,2,5,6,5,6,-1,9,1,2,1,4,4,4,3,1,17,0,1,1,1,2,1,3,-2,0
2023,6,Everton,15,1,4,1,4,6,5,10,-5,18,0,3,0,0,3,0,3,-3,11,1,1,1,4,3,5,7,-2,0
2023,6,Wolverhampton Wanderers,16,1,4,1,4,6,6,12,-6,19,0,2,0,0,2,2,7,-5,9,1,2,1,4,4,4,5,-1,0
2023,6,Bournemouth,17,0,3,3,3,6,5,11,-6,15,0,1,2,2,3,1,3,-2,18,0,2,1,1,3,4,8,-4,0
2023,6,Luton Town,18,0,4,1,1,5,3,11,-8,16,0,1,1,1,2,2,3,-1,20,0,3,0,0,3,1,8,-7,0
2023,6,Burnley,19,0,4,1,1,5,4,13,-9,20,0,4,0,0,4,3,12,-9,16,0,0,1,1,1,1,1,0,0
2023,6,Sheffield United,20,0,5,1,1,6,5,17,-12,17,0,3,1,1,4,3,13,-10,19,0,2,0,0,2,2,4,-2,0
2023,7,Manchester City,1,6,1,0,18,7,17,5,12,3,3,0,0,9,3,8,1,7,2,3,1,0,9,4,9,4,5,1
2023,7,Tottenham Hotspur,2,5,0,2,17,7,17,8,9,6,3,0,0,9,3,6,2,4,3,2,0,2,8,4,11,6,5,0
2023,7,Arsenal,3,5,0,2,17,7,15,6,9,7,2,0,2,8,4,9,6,3,1,3,0,0,9,3,6,0,6,0
2023,7,Liverpool,4,5,1,1,16,7,16,7,9,2,3,0,0,9,3,9,2,7,4,2,1,1,7,4,7,5,2,0
2023,7,Aston Villa,5,5,2,0,15,7,18,11,7,1,3,0,0,9,3,13,2,11,8,2,2,0,6,4,5,9,-4,0
2023,7,Brighton and Hove Albion,6,5,2,0,15,7,19,14,5,5,3,1,0,9,4,11,6,5,7,2,1,0,6,3,8,8,0,0
2023,7,West Ham United,7,4,2,1,13,7,13,10,3,8,2,1,0,6,3,6,4,2,5,2,1,1,7,4,7,6,1,0
2023,7,Newcastle United,8,4,3,0,12,7,18,7,11,4,3,1,0,9,4,9,3,6,15,1,2,0,3,3,9,4,5,0
2023,7,Crystal Palace,9,3,2,2,11,7,7,7,0,12,1,1,1,4,3,3,3,0,6,2,1,1,7,4,4,4,0,0
2023,7,Manchester United,10,3,4,0,9,7,7,11,-4,9,2,2,0,6,4,5,6,-1,17,1,2,0,3,3,2,5,-3,0
2023,7,Chelsea,11,2,3,2,8,7,7,6,1,11,1,2,1,4,4,4,3,1,11,1,1,1,4,3,3,3,0,0
2023,7,Nottingham Forest,12,2,3,2,8,7,8,10,-2,10,1,0,2,5,3,4,3,1,16,1,3,0,3,4,4,7,-3,0
2023,7,Fulham,13,2,3,2,8,7,5,12,-7,15,1,2,0,3,3,1,5,-4,9,1,1,2,5,4,4,7,-3,0
2023,7,Brentford,14,1,2,4,7,7,10,10,0,13,0,1,3,3,4,6,8,-2,10,1,1,1,4,3,4,2,2,0
2023,7,Wolverhampton Wanderers,15,2,4,1,7,7,8,13,-5,14,1,2,0,3,3,4,8,-4,12,1,2,1,4,4,4,5,-1,0
2023,7,Everton,16,1,5,1,4,7,6,12,-6,19,0,4,0,0,4,1,5,-4,14,1,1,1,4,3,5,7,-2,0
2023,7,Luton Town,17,1,5,1,4,7,6,14,-8,17,0,2,1,1,3,3,5,-2,18,1,3,0,3,4,3,9,-6,0
2023,7,Burnley,18,1,5,1,4,7,6,16,-10,20,0,4,0,0,4,3,12,-9,13,1,1,1,4,3,3,4,-1,0
2023,7,Bournemouth,19,0,4,3,3,7,5,15,-10,16,0,2,2,2,4,1,7,-6,19,0,2,1,1,3,4,8,-4,0
2023,7,Sheffield United,20,0,6,1,1,7,5,19,-14,18,0,3,1,1,4,3,13,-10,20,0,3,0,0,3,2,6,-4,0
2023,8,Tottenham Hotspur,1,6,0,2,20,8,18,8,10,7,3,0,0,9,3,6,2,4,1,3,0,2,11,5,12,6,6,0
2023,8,Arsenal,2,6,0,2,20,8,16,6,10,1,3,0,2,11,5,10,6,4,2,3,0,0,9,3,6,0,6,0
2023,8,Manchester City,3,6,2,0,18,8,17,6,11,5,3,0,0,9,3,8,1,7,3,3,2,0,9,5,9,5,4,1
2023,8,Liverpool,4,5,1,2,17,8,18,9,9,4,3,0,0,9,3,9,2,7,4,2,1,2,8,5,9,7,2,0
2023,8,Aston Villa,5,5,2,1,16,8,19,12,7,3,3,0,0,9,3,13,2,11,8,2,2,1,7,5,6,10,-4,0
2023,8,Brighton and Hove Albion,6,5,2,1,16,8,21,16,5,2,3,1,1,10,5,13,8,5,9,2,1,0,6,3,8,8,0,0
2023,8,West Ham United,7,4,2,2,14,8,15,12,3,9,2,1,1,7,4,8,6,2,6,2,1,1,7,4,7,6,1,0
2023,8,Newcastle United,8,4,3,1,13,8,20,9,11,6,3,1,0,9,4,9,3,6,11,1,2,1,4,4,11,6,5,0
2023,8,Crystal Palace,9,3,2,3,12,8,7,7,0,12,1,1,2,5,4,3,3,0,7,2,1,1,7,4,4,4,0,0
2023,8,Manchester United,10,4,4,0,12,8,9,12,-3,8,3,2,0,9,5,7,7,0,17,1,2,0,3,3,2,5,-3,0
2023,8,Chelsea,11,3,3,2,11,8,11,7,4,13,1,2,1,4,4,4,3,1,5,2,1,1,7,4,7,4,3,0
2023,8,Fulham,12,3,3,2,11,8,8,13,-5,10,2,2,0,6,4,4,6,-2,10,1,1,2,5,4,4,7,-3,0
2023,8,Nottingham Forest,13,2,3,3,9,8,8,10,-2,11,1,0,2,5,3,4,3,1,16,1,3,1,4,5,4,7,-3,0
2023,8,Wolverhampton Wanderers,14,2,4,2,8,8,9,14,-5,14,1,2,1,4,4,5,9,-4,13,1,2,1,4,4,4,5,-1,0
2023,8,Brentford,15,1,3,4,7,8,11,12,-1,16,0,1,3,3,4,6,8,-2,12,1,2,1,4,4,5,4,1,0
2023,8,Everton,16,2,5,1,7,8,9,12,-3,15,1,4,0,3,5,4,5,-1,15,1,1,1,4,3,5,7,-2,0
2023,8,Luton Town,17,1,6,1,4,8,6,15,-9,18,0,3,1,1,4,3,6,-3,18,1,3,0,3,4,3,9,-6,0
2023,8,Burnley,18,1,6,1,4,8,7,20,-13,20,0,5,0,0,5,4,16,-12,14,1,1,1,4,3,3,4,-1,0
2023,8,Bournemouth,19,0,5,3,3,8,5,18,-13,17,0,2,2,2,4,1,7,-6,19,0,3,1,1,4,4,11,-7,0
2023,8,Sheffield United,20,0,7,1,1,8,6,22,-16,19,0,3,1,1,4,3,13,-10,20,0,4,0,0,4,3,9,-6,0
2023,9,Tottenham Hotspur,1,7,0,2,23,9,20,8,12,5,4,0,0,12,4,8,2,6,1,3,0,2,11,5,12,6,6,0
2023,9,Manchester City,2,7,2,0,21,9,19,7,12,4,4,0,0,12,4,10,2,8,3,3,2,0,9,5,9,5,4,1
2023,9,Arsenal,3,6,0,3,21,9,18,8,10,6,3,0,2,11,5,10,6,4,2,3,0,1,10,4,8,2,6,0
2023,9,Liverpool,4,6,1,2,20,9,20,9,11,3,4,0,0,12,4,11,2,9,4,2,1,2,8,5,9,7,2,0
2023,9,Aston Villa,5,6,2,1,19,9,23,13,10,1,4,0,0,12,4,17,3,14,8,2,2,1,7,5,6,10,-4,0
2023,9,Newcastle United,6,5,3,1,16,9,24,9,15,2,4,1,0,12,5,13,3,10,13,1,2,1,4,4,11,6,5,0
2023,9,Brighton and Hove Albion,7,5,3,1,16,9,22,18,4,7,3,1,1,10,5,13,8,5,10,2,2,0,6,4,9,10,-1,0
2023,9,Manchester United,8,5,4,0,15,9,11,13,-2,8,3,2,0,9,5,7,7,0,11,2,2,0,6,4,4,6,-2,0
2023,9,West Ham United,9,4,3,2,14,9,16,16,0,9,2,1,1,7,4,8,6,2,7,2,2,1,7,5,8,10,-2,0
2023,9,Chelsea,10,3,3,3,12,9,13,9,4,13,1,2,2,5,5,6,5,1,5,2,1,1,7,4,7,4,3,0
2023,9,Crystal Palace,11,3,3,3,12,9,7,11,-4,14,1,1,2,5,4,3,3,0,9,2,2,1,7,5,4,8,-4,0
2023,9,Wolverhampton Wanderers,12,3,4,2,11,9,11,15,-4,15,1,2,1,4,4,5,9,-4,6,2,2,1,7,5,6,6,0,0
2023,9,Fulham,13,3,4,2,11,9,8,15,-7,12,2,2,0,6,4,4,6,-2,12,1,2,2,5,5,4,9,-5,0
2023,9,Brentford,14,2,3,4,10,9,14,12,2,10,1,1,3,6,5,9,8,1,14,1,2,1,4,4,5,4,1,0
2023,9,Nottingham Forest,15,2,3,4,10,9,10,12,-2,11,1,0,3,6,4,6,5,1,15,1,3,1,4,5,4,7,-3,0
2023,9,Everton,16,2,6,1,7,9,9,14,-5,16,1,4,0,3,5,4,5,-1,16,1,2,1,4,4,5,9,-4,0
2023,9,Luton Town,17,1,6,2,5,9,8,17,-9,18,0,3,1,1,4,3,6,-3,18,1,3,1,4,5,5,11,-6,0
2023,9,Burnley,18,1,7,1,4,9,7,23,-16,20,0,5,0,0,5,4,16,-12,17,1,2,1,4,4,3,7,-4,0
2023,9,Bournemouth,19,0,6,3,3,9,6,20,-14,17,0,3,2,2,5,2,9,-7,19,0,3,1,1,4,4,11,-7,0
2023,9,Sheffield United,20,0,8,1,1,9,7,24,-17,19,0,4,1,1,5,4,15,-11,20,0,4,0,0,4,3,9,-6,0
2023,10,Tottenham Hotspur,1,8,0,2,26,10,22,9,13,6,4,0,0,12,4,8,2,6,1,4,0,2,14,6,14,7,7,0
2023,10,Arsenal,2,7,0,3,24,10,23,8,15,3,4,0,2,14,6,15,6,9,3,3,0,1,10,4,8,2,6,0
2023,10,Manchester City,3,8,2,0,24,10,22,7,15,5,4,0,0,12,4,10,2,8,2,4,2,0,12,6,12,5,7,1
2023,10,Liverpool,4,7,1,2,23,10,23,9,14,2,5,0,0,15,5,14,2,12,4,2,1,2,8,5,9,7,2,0
2023,10,Aston Villa,5,7,2,1,22,10,26,14,12,1,5,0,0,15,5,20,4,16,10,2,2,1,7,5,6,10,-4,0
2023,10,Newcastle United,6,5,3,2,17,10,26,11,15,4,4,1,0,12,5,13,3,10,15,1,2,2,5,5,13,8,5,0
2023,10,Brighton and Hove Albion,7,5,3,2,17,10,23,19,4,7,3,1,2,11,6,14,9,5,12,2,2,0,6,4,9,10,-1,0
2023,10,Manchester United,8,5,5,0,15,10,11,16,-5,8,3,3,0,9,6,7,10,-3,13,2,2,0,6,4,4,6,-2,0
2023,10,West Ham United,9,4,4,2,14,10,16,17,-1,9,2,2,1,7,5,8,7,1,8,2,2,1,7,5,8,10,-2,0
2023,10,Brentford,10,3,3,4,13,10,16,12,4,10,1,1,3,6,5,9,8,1,5,2,2,1,7,5,7,4,3,0
2023,10,Chelsea,11,3,4,3,12,10,13,11,2,13,1,3,2,5,6,6,7,-1,6,2,1,1,7,4,7,4,3,0
2023,10,Wolverhampton Wanderers,12,3,4,3,12,10,13,17,-4,15,1,2,2,5,5,7,11,-4,7,2,2,1,7,5,6,6,0,0
2023,10,Crystal Palace,13,3,4,3,12,10,8,13,-5,14,1,2,2,5,5,4,5,-1,11,2,2,1,7,5,4,8,-4,0
2023,10,Fulham,14,3,4,3,12,10,9,16,-7,12,2,2,0,6,4,4,6,-2,14,1,2,3,6,6,5,10,-5,0
2023,10,Everton,15,3,6,1,10,10,10,14,-4,17,1,4,0,3,5,4,5,-1,9,2,2,1,7,5,6,9,-3,0
2023,10,Nottingham Forest,16,2,4,4,10,10,10,15,-5,11,1,0,3,6,4,6,5,1,17,1,4,1,4,6,4,10,-6,0
2023,10,Bournemouth,17,1,6,3,6,10,8,21,-13,16,1,3,2,5,6,4,10,-6,19,0,3,1,1,4,4,11,-7,0
2023,10,Luton Town,18,1,7,2,5,10,9,20,-11,18,0,3,1,1,4,3,6,-3,18,1,4,1,4,6,6,14,-8,0
2023,10,Burnley,19,1,8,1,4,10,8,25,-17,20,0,5,0,0,5,4,16,-12,16,1,3,1,4,5,4,9,-5,0
2023,10,Sheffield United,20,0,9,1,1,10,7,29,-22,19,0,4,1,1,5,4,15,-11,20,0,5,0,0,5,3,14,-11,0
2023,11,Manchester City,1,9,2,0,27,11,28,8,20,2,5,0,0,15,5,16,3,13,2,4,2,0,12,6,12,5,7,1
2023,11,Tottenham Hotspur,2,8,1,2,26,11,23,13,10,6,4,1,0,12,5,9,6,3,1,4,0,2,14,6,14,7,7,0
2023,11,Liverpool,3,7,1,3,24,11,24,10,14,3,5,0,0,15,5,14,2,12,6,2,1,3,9,6,10,8,2,0
2023,11,Arsenal,4,7,1,3,24,11,23,9,14,5,4,0,2,14,6,15,6,9,4,3,1,1,10,5,8,3,5,0
2023,11,Aston Villa,5,7,3,1,22,11,26,16,10,1,5,0,0,15,5,20,4,16,13,2,3,1,7,6,6,12,-6,0
2023,11,Newcastle United,6,6,3,2,20,11,27,11,16,4,5,1,0,15,6,14,3,11,15,1,2,2,5,5,13,8,5,0
2023,11,Brighton and Hove Albion,7,5,3,3,18,11,24,20,4,7,3,1,2,11,6,14,9,5,9,2,2,1,7,5,10,11,-1,0
2023,11,Manchester United,8,6,5,0,18,11,12,16,-4,10,3,3,0,9,6,7,10,-3,7,3,2,0,9,5,5,6,-1,0
2023,11,Brentford,9,4,3,4,16,11,19,14,5,9,2,1,3,9,6,12,10,2,8,2,2,1,7,5,7,4,3,0
2023,11,Chelsea,10,4,4,3,15,11,17,12,5,13,1,3,2,5,6,6,7,-1,3,3,1,1,10,5,11,5,6,0
2023,11,Crystal Palace,11,4,4,3,15,11,10,13,-3,14,1,2,2,5,5,4,5,-1,5,3,2,1,10,6,6,8,-2,0
2023,11,West Ham United,12,4,5,2,14,11,18,20,-2,11,2,2,1,7,5,8,7,1,11,2,3,1,7,6,10,13,-3,0
2023,11,Nottingham Forest,13,3,4,4,13,11,12,15,-3,8,2,0,3,9,5,8,5,3,17,1,4,1,4,6,4,10,-6,0
2023,11,Wolverhampton Wanderers,14,3,5,3,12,11,14,19,-5,15,1,2,2,5,5,7,11,-4,10,2,3,1,7,6,7,8,-1,0
2023,11,Fulham,15,3,5,3,12,11,9,17,-8,12,2,3,0,6,5,4,7,-3,14,1,2,3,6,6,5,10,-5,0
2023,11,Everton,16,3,6,2,11,11,11,15,-4,17,1,4,1,4,6,5,6,-1,12,2,2,1,7,5,6,9,-3,0
2023,11,Luton Town,17,1,7,3,6,11,10,21,-11,19,0,3,2,2,5,4,7,-3,18,1,4,1,4,6,6,14,-8,0
2023,11,Bournemouth,18,1,7,3,6,11,9,27,-18,16,1,3,2,5,6,4,10,-6,19,0,4,1,1,5,5,17,-12,0
2023,11,Burnley,19,1,9,1,4,11,8,27,-19,20,0,6,0,0,6,4,18,-14,16,1,3,1,4,5,4,9,-5,0
2023,11,Sheffield United,20,1,9,1,4,11,9,30,-21,18,1,4,1,4,6,6,16,-10,20,0,5,0,0,5,3,14,-11,0
2023,12,Manchester City,1,9,2,1,28,12,32,12,20,4,5,0,0,15,5,16,3,13,2,4,2,1,13,7,16,9,7,1
2023,12,Liverpool,2,8,1,3,27,12,27,10,17,2,6,0,0,18,6,17,2,15,7,2,1,3,9,6,10,8,2,0
2023,12,Arsenal,3,8,1,3,27,12,26,10,16,3,5,0,2,17,7,18,7,11,4,3,1,1,10,5,8,3,5,0
2023,12,Tottenham Hotspur,4,8,2,2,26,12,24,15,9,7,4,1,0,12,5,9,6,3,1,4,1,2,14,7,15,9,6,0
2023,12,Aston Villa,5,8,3,1,25,12,29,17,12,1,6,0,0,18,6,23,5,18,13,2,3,1,7,6,6,12,-6,0
2023,12,Manchester United,6,7,5,0,21,12,13,16,-3,8,4,3,0,12,7,8,10,-2,8,3,2,0,9,5,5,6,-1,0
2023,12,Newcastle United,7,6,4,2,20,12,27,13,14,5,5,1,0,15,6,14,3,11,15,1,3,2,5,6,13,10,3,0
2023,12,Brighton and Hove Albion,8,5,3,4,19,12,25,21,4,6,3,1,3,12,7,15,10,5,10,2,2,1,7,5,10,11,-1,0
2023,12,West Ham United,9,5,5,2,17,12,21,22,-1,9,3,2,1,10,6,11,9,2,12,2,3,1,7,6,10,13,-3,0
2023,12,Chelsea,10,4,4,4,16,12,21,16,5,14,1,3,3,6,7,10,11,-1,3,3,1,1,10,5,11,5,6,0
2023,12,Brentford,11,4,4,4,16,12,19,17,2,11,2,1,3,9,6,12,10,2,9,2,3,1,7,6,7,7,0,0
2023,12,Wolverhampton Wanderers,12,4,5,3,15,12,16,20,-4,12,2,2,2,8,6,9,12,-3,11,2,3,1,7,6,7,8,-1,0
2023,12,Crystal Palace,13,4,5,3,15,12,12,16,-4,16,1,3,2,5,6,6,8,-2,6,3,2,1,10,6,6,8,-2,0
2023,12,Nottingham Forest,14,3,5,4,13,12,14,18,-4,10,2,0,3,9,5,8,5,3,16,1,5,1,4,7,6,13,-7,0
2023,12,Fulham,15,3,6,3,12,12,10,20,-10,15,2,3,0,6,5,4,7,-3,14,1,3,3,6,7,6,13,-7,0
2023,12,Bournemouth,16,2,7,3,9,12,11,27,-16,13,2,3,2,8,7,6,10,-4,20,0,4,1,1,5,5,17,-12,0
2023,12,Luton Town,17,1,8,3,6,12,10,22,-12,19,0,3,2,2,5,4,7,-3,18,1,5,1,4,7,6,15,-9,0
2023,12,Sheffield United,18,1,9,2,5,12,10,31,-21,18,1,4,1,4,6,6,16,-10,19,0,5,1,1,6,4,15,-11,0
2023,12,Everton,19,4,6,2,4,12,14,17,-3,17,1,4,1,4,6,5,6,-1,5,3,2,1,10,6,9,11,-2,0
2023,12,Burnley,20,1,10,1,4,12,9,30,-21,20,0,6,0,0,6,4,18,-14,17,1,4,1,4,6,5,12,-7,0
2023,13,Arsenal,1,9,1,3,30,13,27,10,17,4,5,0,2,17,7,18,7,11,3,4,1,1,13,6,9,3,6,0
2023,13,Manchester City,2,9,2,2,29,13,33,13,20,5,5,0,1,16,6,17,4,13,2,4,2,1,13,7,16,9,7,1
2023,13,Liverpool,3,8,1,4,28,13,28,11,17,2,6,0,0,18,6,17,2,15,6,2,1,4,10,7,11,9,2,0
2023,13,Aston Villa,4,9,3,1,28,13,31,18,13,1,6,0,0,18,6,23,5,18,11,3,3,1,10,7,8,13,-5,0
2023,13,Tottenham Hotspur,5,8,3,2,26,13,25,17,8,7,4,2,0,12,6,10,8,2,1,4,1,2,14,7,15,9,6,0
2023,13,Manchester United,6,8,5,0,24,13,16,16,0,8,4,3,0,12,7,8,10,-2,4,4,2,0,12,6,8,6,2,0
2023,13,Newcastle United,7,7,4,2,23,13,31,14,17,3,6,1,0,18,7,18,4,14,15,1,3,2,5,6,13,10,3,0
2023,13,Brighton and Hove Albion,8,6,3,4,22,13,28,23,5,6,3,1,3,12,7,15,10,5,7,3,2,1,10,6,13,13,0,0
2023,13,West Ham United,9,6,5,2,20,13,23,23,0,9,3,2,1,10,6,11,9,2,8,3,3,1,10,7,12,14,-2,0
2023,13,Chelsea,10,4,5,4,16,13,22,20,2,15,1,3,3,6,7,10,11,-1,5,3,2,1,10,6,12,9,3,0
2023,13,Brentford,11,4,5,4,16,13,19,18,1,11,2,2,3,9,7,12,11,1,12,2,3,1,7,6,7,7,0,0
2023,13,Wolverhampton Wanderers,12,4,6,3,15,13,18,23,-5,13,2,2,2,8,6,9,12,-3,13,2,4,1,7,7,9,11,-2,0
2023,13,Crystal Palace,13,4,6,3,15,13,13,18,-5,16,1,3,2,5,6,6,8,-2,10,3,3,1,10,7,7,10,-3,0
2023,13,Fulham,14,4,6,3,15,13,13,22,-9,12,3,3,0,9,6,7,9,-2,14,1,3,3,6,7,6,13,-7,0
2023,13,Nottingham Forest,15,3,6,4,13,13,16,21,-5,10,2,1,3,9,6,10,8,2,16,1,5,1,4,7,6,13,-7,0
2023,13,Bournemouth,16,3,7,3,12,13,14,28,-14,14,2,3,2,8,7,6,10,-4,19,1,4,1,4,6,8,18,-10,0
2023,13,Luton Town,17,2,8,3,9,13,12,23,-11,17,1,3,2,5,6,6,8,-2,18,1,5,1,4,7,6,15,-9,0
2023,13,Sheffield United,18,1,10,2,5,13,11,34,-23,19,1,5,1,4,7,7,19,-12,20,0,5,1,1,6,4,15,-11,0
2023,13,Everton,19,4,7,2,4,13,14,20,-6,18,1,5,1,4,7,5,9,-4,9,3,2,1,10,6,9,11,-2,0
2023,13,Burnley,20,1,11,1,4,13,10,32,-22,20,0,7,0,0,7,5,20,-15,17,1,4,1,4,6,5,12,-7,0
2023,14,Arsenal,1,10,1,3,33,14,29,11,18,3,6,0,2,20,8,20,8,12,3,4,1,1,13,6,9,3,6,0
2023,14,Liverpool,2,9,1,4,31,14,32,14,18,1,7,0,0,21,7,21,5,16,9,2,1,4,10,7,11,9,2,0
2023,14,Manchester City,3,9,2,3,30,14,36,16,20,5,5,0,2,17,7,20,7,13,2,4,2,1,13,7,16,9,7,1
2023,14,Aston Villa,4,9,3,2,29,14,33,20,13,4,6,0,0,18,6,23,5,18,7,3,3,2,11,8,10,15,-5,0
2023,14,Tottenham Hotspur,5,8,3,3,27,14,28,20,8,8,4,2,0,12,6,10,8,2,1,4,1,3,15,8,18,12,6,0
2023,14,Newcastle United,6,8,4,2,26,14,32,14,18,2,7,1,0,21,8,19,4,15,15,1,3,2,5,6,13,10,3,0
2023,14,Manchester United,7,8,6,0,24,14,16,17,-1,9,4,3,0,12,7,8,10,-2,5,4,3,0,12,7,8,7,1,0
2023,14,Brighton and Hove Albion,8,6,4,4,22,14,30,26,4,6,3,1,3,12,7,15,10,5,10,3,3,1,10,7,15,16,-1,0
2023,14,West Ham United,9,6,5,3,21,14,24,24,0,10,3,2,2,11,7,12,10,2,11,3,3,1,10,7,12,14,-2,0
2023,14,Chelsea,10,5,5,4,19,14,25,22,3,12,2,3,3,9,8,13,13,0,8,3,2,1,10,6,12,9,3,0
2023,14,Brentford,11,5,5,4,19,14,22,19,3,7,3,2,3,12,8,15,12,3,12,2,3,1,7,6,7,7,0,0
2023,14,Crystal Palace,12,4,6,4,16,14,14,19,-5,16,1,3,2,5,6,6,8,-2,6,3,3,2,11,8,8,11,-3,0
2023,14,Wolverhampton Wanderers,13,4,7,3,15,14,19,25,-6,15,2,2,2,8,6,9,12,-3,13,2,5,1,7,8,10,13,-3,0
2023,14,Fulham,14,4,7,3,15,14,16,26,-10,13,3,3,0,9,6,7,9,-2,14,1,4,3,6,8,9,17,-8,0
2023,14,Nottingham Forest,15,3,7,4,13,14,16,22,-6,11,2,2,3,9,7,10,9,1,16,1,5,1,4,7,6,13,-7,0
2023,14,Bournemouth,16,3,7,4,13,14,16,30,-14,14,2,3,3,9,8,8,12,-4,18,1,4,1,4,6,8,18,-10,0
2023,14,Luton Town,17,2,9,3,9,14,13,26,-13,17,1,3,2,5,6,6,8,-2,19,1,6,1,4,8,7,18,-11,0
2023,14,Everton,18,5,7,2,7,14,15,20,-5,18,1,5,1,4,7,5,9,-4,4,4,2,1,13,7,10,11,-1,0
2023,14,Burnley,19,2,11,1,7,14,15,32,-17,20,1,7,0,3,8,10,20,-10,17,1,4,1,4,6,5,12,-7,0
2023,14,Sheffield United,20,1,11,2,5,14,11,39,-28,19,1,5,1,4,7,7,19,-12,20,0,6,1,1,7,4,20,-16,0
2023,15,Arsenal,1,11,1,3,36,15,33,14,19,4,6,0,2,20,8,20,8,12,1,5,1,1,16,7,13,6,7,0
2023,15,Liverpool,2,10,1,4,34,15,34,14,20,2,7,0,0,21,7,21,5,16,4,3,1,4,13,8,13,9,4,0
2023,15,Aston Villa,3,10,3,2,32,15,34,20,14,1,7,0,0,21,7,24,5,19,9,3,3,2,11,8,10,15,-5,0
2023,15,Manchester City,4,9,3,3,30,15,36,17,19,5,5,0,2,17,7,20,7,13,3,4,3,1,13,8,16,10,6,1
2023,15,Tottenham Hotspur,5,8,4,3,27,15,29,22,7,10,4,3,0,12,7,11,10,1,2,4,1,3,15,8,18,12,6,0
2023,15,Manchester United,6,9,6,0,27,15,18,18,0,7,5,3,0,15,8,10,11,-1,7,4,3,0,12,7,8,7,1,0
2023,15,Newcastle United,7,8,5,2,26,15,32,17,15,3,7,1,0,21,8,19,4,15,16,1,4,2,5,7,13,13,0,0
2023,15,Brighton and Hove Albion,8,7,4,4,25,15,32,27,5,6,4,1,3,15,8,17,11,6,11,3,3,1,10,7,15,16,-1,0
2023,15,West Ham United,9,7,5,3,24,15,26,25,1,11,3,2,2,11,7,12,10,2,5,4,3,1,13,8,14,15,-1,0
2023,15,Chelsea,10,5,6,4,19,15,26,24,2,14,2,3,3,9,8,13,13,0,10,3,3,1,10,7,13,11,2,0
2023,15,Brentford,11,5,6,4,19,15,23,21,2,8,3,2,3,12,8,15,12,3,12,2,4,1,7,7,8,9,-1,0
2023,15,Fulham,12,5,7,3,18,15,21,26,-5,9,4,3,0,12,7,12,9,3,15,1,4,3,6,8,9,17,-8,0
2023,15,Wolverhampton Wanderers,13,5,7,3,18,15,20,25,-5,12,3,2,2,11,7,10,12,-2,13,2,5,1,7,8,10,13,-3,0
2023,15,Crystal Palace,14,4,7,4,16,15,14,21,-7,18,1,4,2,5,7,6,10,-4,8,3,3,2,11,8,8,11,-3,0
2023,15,Bournemouth,15,4,7,4,16,15,18,30,-12,15,2,3,3,9,8,8,12,-4,14,2,4,1,7,7,10,18,-8,0
2023,15,Nottingham Forest,16,3,8,4,13,15,16,27,-11,13,2,2,3,9,7,10,9,1,19,1,6,1,4,8,6,18,-12,0
2023,15,Everton,17,6,7,2,10,15,18,20,-2,16,2,5,1,7,8,8,9,-1,6,4,2,1,13,7,10,11,-1,0
2023,15,Luton Town,18,2,10,3,9,15,16,30,-14,17,1,4,2,5,7,9,12,-3,18,1,6,1,4,8,7,18,-11,0
2023,15,Burnley,19,2,12,1,7,15,15,33,-18,20,1,7,0,3,8,10,20,-10,17,1,5,1,4,7,5,13,-8,0
2023,15,Sheffield United,20,1,12,2,5,15,11,41,-30,19,1,6,1,4,8,7,21,-14,20,0,6,1,1,7,4,20,-16,0
2023,16,Liverpool,1,11,1,4,37,16,36,15,21,2,7,0,0,21,7,21,5,16,3,4,1,4,16,9,15,10,5,0
2023,16,Arsenal,2,11,2,3,36,16,33,15,18,4,6,0,2,20,8,20,8,12,2,5,2,1,16,8,13,7,6,0
2023,16,Aston Villa,3,11,3,2,35,16,35,20,15,1,8,0,0,24,8,25,5,20,9,3,3,2,11,8,10,15,-5,0
2023,16,Manchester City,4,10,3,3,33,16,38,18,20,5,5,0,2,17,7,20,7,13,1,5,3,1,16,9,18,11,7,1
2023,16,Tottenham Hotspur,5,9,4,3,30,16,33,23,10,8,5,3,0,15,8,15,11,4,4,4,1,3,15,8,18,12,6,0
2023,16,Manchester United,6,9,7,0,27,16,18,21,-3,9,5,4,0,15,9,10,14,-4,7,4,3,0,12,7,8,7,1,0
2023,16,Newcastle United,7,8,6,2,26,16,33,21,12,3,7,1,0,21,8,19,4,15,16,1,5,2,5,8,14,17,-3,0
2023,16,Brighton and Hove Albion,8,7,4,5,26,16,33,28,5,6,4,1,4,16,9,18,12,6,11,3,3,1,10,7,15,16,-1,0
2023,16,West Ham United,9,7,6,3,24,16,26,30,-4,12,3,2,2,11,7,12,10,2,6,4,4,1,13,9,14,20,-6,0
2023,16,Fulham,10,6,7,3,21,16,26,26,0,7,5,3,0,15,8,17,9,8,15,1,4,3,6,8,9,17,-8,0
2023,16,Brentford,11,5,7,4,19,16,23,22,1,10,3,2,3,12,8,15,12,3,13,2,5,1,7,8,8,10,-2,0
2023,16,Chelsea,12,5,7,4,19,16,26,26,0,15,2,3,3,9,8,13,13,0,10,3,4,1,10,8,13,13,0,0
2023,16,Wolverhampton Wanderers,13,5,7,4,19,16,21,26,-5,11,3,2,3,12,8,11,13,-2,14,2,5,1,7,8,10,13,-3,0
2023,16,Bournemouth,14,5,7,4,19,16,21,30,-9,16,2,3,3,9,8,8,12,-4,12,3,4,1,10,8,13,18,-5,0
2023,16,Crystal Palace,15,4,8,4,16,16,15,23,-8,19,1,5,2,5,8,7,12,-5,8,3,3,2,11,8,8,11,-3,0
2023,16,Nottingham Forest,16,3,8,5,14,16,17,28,-11,14,2,2,3,9,7,10,9,1,18,1,6,2,5,9,7,19,-12,0
2023,16,Everton,17,7,7,2,13,16,20,20,0,13,3,5,1,10,9,10,9,1,5,4,2,1,13,7,10,11,-1,0
2023,16,Luton Town,18,2,11,3,9,16,17,32,-15,18,1,5,2,5,8,10,14,-4,19,1,6,1,4,8,7,18,-11,0
2023,16,Burnley,19,2,12,2,8,16,16,34,-18,20,1,7,0,3,8,10,20,-10,17,1,5,2,5,8,6,14,-8,0
2023,16,Sheffield United,20,2,12,2,8,16,12,41,-29,17,2,6,1,7,9,8,21,-13,20,0,6,1,1,7,4,20,-16,0
2023,17,Arsenal,1,12,2,3,39,17,35,15,20,3,7,0,2,23,9,22,8,14,3,5,2,1,16,8,13,7,6,0
2023,17,Liverpool,2,11,1,5,38,17,36,15,21,4,7,0,1,22,8,21,5,16,4,4,1,4,16,9,15,10,5,0
2023,17,Aston Villa,3,12,3,2,38,17,37,21,16,1,8,0,0,24,8,25,5,20,6,4,3,2,14,9,12,16,-4,0
2023,17,Manchester City,4,10,3,4,34,17,40,20,20,5,5,0,3,18,8,22,9,13,2,5,3,1,16,9,18,11,7,1
2023,17,Tottenham Hotspur,5,10,4,3,33,17,35,23,12,8,5,3,0,15,8,15,11,4,1,5,1,3,18,9,20,12,8,0
2023,17,Newcastle United,6,9,6,2,29,17,36,21,15,2,8,1,0,24,9,22,4,18,16,1,5,2,5,8,14,17,-3,0
2023,17,Manchester United,7,9,7,1,28,17,18,21,-3,9,5,4,0,15,9,10,14,-4,7,4,3,1,13,8,8,7,1,0
2023,17,West Ham United,8,8,6,3,27,17,29,30,-1,10,4,2,2,14,8,15,10,5,8,4,4,1,13,9,14,20,-6,0
2023,17,Brighton and Hove Albion,9,7,5,5,26,17,33,30,3,6,4,1,4,16,9,18,12,6,11,3,4,1,10,8,15,18,-3,0
2023,17,Chelsea,10,6,7,4,22,17,28,26,2,12,3,3,3,12,9,15,13,2,10,3,4,1,10,8,13,13,0,0
2023,17,Fulham,11,6,8,3,21,17,26,29,-3,7,5,3,0,15,8,17,9,8,15,1,5,3,6,9,9,20,-11,0
2023,17,Brentford,12,5,8,4,19,17,24,24,0,11,3,3,3,12,9,16,14,2,13,2,5,1,7,8,8,10,-2,0
2023,17,Wolverhampton Wanderers,13,5,8,4,19,17,21,29,-8,13,3,2,3,12,8,11,13,-2,14,2,6,1,7,9,10,16,-6,0
2023,17,Bournemouth,14,5,7,4,19,16,21,30,-9,16,2,3,3,9,8,8,12,-4,12,3,4,1,10,8,13,18,-5,0
2023,17,Crystal Palace,15,4,8,5,17,17,17,25,-8,19,1,5,2,5,8,7,12,-5,9,3,3,3,12,9,10,13,-3,0
2023,17,Everton,16,8,7,2,16,17,22,20,2,14,3,5,1,10,9,10,9,1,5,5,2,1,16,8,12,11,1,0
2023,17,Nottingham Forest,17,3,9,5,14,17,17,30,-13,15,2,3,3,9,8,10,11,-1,18,1,6,2,5,9,7,19,-12,0
2023,17,Luton Town,18,2,11,3,9,16,17,32,-15,18,1,5,2,5,8,10,14,-4,19,1,6,1,4,8,7,18,-11,0
2023,17,Burnley,19,2,13,2,8,17,16,36,-20,20,1,8,0,3,9,10,22,-12,17,1,5,2,5,8,6,14,-8,0
2023,17,Sheffield United,20,2,13,2,8,17,12,43,-31,17,2,6,1,7,9,8,21,-13,20,0,7,1,1,8,4,22,-18,0
2023,18,Arsenal,1,12,2,4,40,18,36,16,20,4,7,0,2,23,9,22,8,14,2,5,2,2,17,9,14,8,6,0
2023,18,Liverpool,2,11,1,6,39,18,37,16,21,3,7,0,2,23,9,22,6,16,4,4,1,4,16,9,15,10,5,0
2023,18,Aston Villa,3,12,3,3,39,18,38,22,16,1,8,0,1,25,9,26,6,20,6,4,3,2,14,9,12,16,-4,0
2023,18,Tottenham Hotspur,4,11,4,3,36,18,37,24,13,6,6,3,0,18,9,17,12,5,1,5,1,3,18,9,20,12,8,0
2023,18,Manchester City,5,10,3,4,34,17,40,20,20,5,5,0,3,18,8,22,9,13,3,5,3,1,16,9,18,11,7,1
2023,18,West Ham United,6,9,6,3,30,18,31,30,1,7,5,2,2,17,9,17,10,7,9,4,4,1,13,9,14,20,-6,0
2023,18,Newcastle United,7,9,7,2,29,18,36,22,14,2,8,1,0,24,9,22,4,18,17,1,6,2,5,9,14,18,-4,0
2023,18,Manchester United,8,9,8,1,28,18,18,23,-5,11,5,4,0,15,9,10,14,-4,7,4,4,1,13,9,8,9,-1,0
2023,18,Brighton and Hove Albion,9,7,5,6,27,18,34,31,3,8,4,1,4,16,9,18,12,6,11,3,4,2,11,9,16,19,-3,0
2023,18,Chelsea,10,6,8,4,22,18,29,28,1,13,3,3,3,12,9,15,13,2,12,3,5,1,10,9,14,15,-1,0
2023,18,Wolverhampton Wanderers,11,6,8,4,22,18,23,30,-7,10,4,2,3,15,9,13,14,-1,15,2,6,1,7,9,10,16,-6,0
2023,18,Bournemouth,12,6,7,4,22,17,24,32,-8,16,2,3,3,9,8,8,12,-4,8,4,4,1,13,9,16,20,-4,0
2023,18,Fulham,13,6,9,3,21,18,26,31,-5,9,5,4,0,15,9,17,11,6,16,1,5,3,6,9,9,20,-11,0
2023,18,Brentford,14,5,8,4,19,17,24,24,0,12,3,3,3,12,9,16,14,2,14,2,5,1,7,8,8,10,-2,0
2023,18,Crystal Palace,15,4,8,6,18,18,18,26,-8,19,1,5,3,6,9,8,13,-5,10,3,3,3,12,9,10,13,-3,0
2023,18,Everton,16,8,8,2,16,18,23,22,1,14,3,5,1,10,9,10,9,1,5,5,3,1,16,9,13,13,0,0
2023,18,Nottingham Forest,17,3,10,5,14,18,19,33,-14,15,2,4,3,9,9,12,14,-2,18,1,6,2,5,9,7,19,-12,0
2023,18,Luton Town,18,3,11,3,12,17,18,32,-14,17,2,5,2,8,9,11,14,-3,19,1,6,1,4,8,7,18,-11,0
2023,18,Burnley,19,3,13,2,11,18,18,36,-18,20,1,8,0,3,9,10,22,-12,13,2,5,2,8,9,8,14,-6,0
2023,18,Sheffield United,20,2,13,3,9,18,13,44,-31,18,2,6,1,7,9,8,21,-13,20,0,7,2,2,9,5,23,-18,0
2023,19,Liverpool,1,12,1,6,42,19,39,16,23,3,7,0,2,23,9,22,6,16,2,5,1,4,19,10,17,10,7,0
2023,19,Arsenal,2,12,3,4,40,19,36,18,18,4,7,1,2,23,10,22,10,12,4,5,2,2,17,9,14,8,6,0
2023,19,Aston Villa,3,12,4,3,39,19,40,25,15,1,8,0,1,25,9,26,6,20,7,4,4,2,14,10,14,19,-5,0
2023,19,Manchester City,4,11,3,4,37,18,43,21,22,6,5,0,3,18,8,22,9,13,1,6,3,1,19,10,21,12,9,1
2023,19,Tottenham Hotspur,5,11,5,3,36,19,39,28,11,7,6,3,0,18,9,17,12,5,3,5,2,3,18,10,22,16,6,0
2023,19,West Ham United,6,10,6,3,33,19,33,30,3,9,5,2,2,17,9,17,10,7,6,5,4,1,16,10,16,20,-4,0
2023,19,Manchester United,7,10,8,1,31,19,21,25,-4,8,6,4,0,18,10,13,16,-3,8,4,4,1,13,9,8,9,-1,0
2023,19,Brighton and Hove Albion,8,8,5,6,30,19,38,33,5,5,5,1,4,19,10,22,14,8,11,3,4,2,11,9,16,19,-3,0
2023,19,Newcastle United,9,9,8,2,29,19,37,25,12,2,8,2,0,24,10,23,7,16,19,1,6,2,5,9,14,18,-4,0
2023,19,Chelsea,10,7,8,4,25,19,31,29,2,11,4,3,3,15,10,17,14,3,12,3,5,1,10,9,14,15,-1,0
2023,19,Wolverhampton Wanderers,11,7,8,4,25,19,27,31,-4,12,4,2,3,15,9,13,14,-1,13,3,6,1,10,10,14,17,-3,0
2023,19,Bournemouth,12,7,7,4,25,18,27,32,-5,14,3,3,3,12,9,11,12,-1,9,4,4,1,13,9,16,20,-4,0
2023,19,Fulham,13,6,10,3,21,19,26,34,-8,10,5,4,0,15,9,17,11,6,18,1,6,3,6,10,9,23,-14,0
2023,19,Brentford,14,5,9,4,19,18,25,28,-3,13,3,4,3,12,10,17,18,-1,16,2,5,1,7,8,8,10,-2,0
2023,19,Crystal Palace,15,4,9,6,18,19,19,28,-9,19,1,5,3,6,9,8,13,-5,10,3,4,3,12,10,11,15,-4,0
2023,19,Nottingham Forest,16,4,10,5,17,19,22,34,-12,16,2,4,3,9,9,12,14,-2,15,2,6,2,8,10,10,20,-10,0
2023,19,Everton,17,8,9,2,16,19,24,25,-1,15,3,6,1,10,10,11,12,-1,5,5,3,1,16,9,13,13,0,0
2023,19,Luton Town,18,4,11,3,15,18,21,34,-13,17,2,5,2,8,9,11,14,-3,17,2,6,1,7,9,10,20,-10,0
2023,19,Burnley,19,3,14,2,11,19,18,38,-20,20,1,9,0,3,10,10,24,-14,14,2,5,2,8,9,8,14,-6,0
2023,19,Sheffield United,20,2,14,3,9,19,15,47,-32,18,2,7,1,7,10,10,24,-14,20,0,7,2,2,9,5,23,-18,0
2023,20,Liverpool,1,13,1,6,45,20,43,18,25,2,8,0,2,26,10,26,8,18,2,5,1,4,19,10,17,10,7,0
2023,20,Aston Villa,2,13,4,3,42,20,43,27,16,1,9,0,1,28,10,29,8,21,7,4,4,2,14,10,14,19,-5,0
2023,20,Manchester City,3,12,3,4,40,19,45,21,24,5,6,0,3,21,9,24,9,15,1,6,3,1,19,10,21,12,9,1
2023,20,Arsenal,4,12,4,4,40,20,37,20,17,4,7,1,2,23,10,22,10,12,4,5,3,2,17,10,15,10,5,0
2023,20,Tottenham Hotspur,5,12,5,3,39,20,42,29,13,6,7,3,0,21,10,20,13,7,3,5,2,3,18,10,22,16,6,0
2023,20,West Ham United,6,10,6,4,34,20,33,30,3,9,5,2,3,18,10,17,10,7,6,5,4,1,16,10,16,20,-4,0
2023,20,Brighton and Hove Albion,7,8,5,7,31,20,38,33,5,7,5,1,4,19,10,22,14,8,11,3,4,3,12,10,16,19,-3,0
2023,20,Manchester United,8,10,9,1,31,20,22,27,-5,11,6,4,0,18,10,13,16,-3,9,4,5,1,13,10,9,11,-2,0
2023,20,Newcastle United,9,9,9,2,29,20,39,29,10,3,8,2,0,24,10,23,7,16,19,1,7,2,5,10,16,22,-6,0
2023,20,Chelsea,10,8,8,4,28,20,34,31,3,12,4,3,3,15,10,17,14,3,8,4,5,1,13,10,17,17,0,0
2023,20,Wolverhampton Wanderers,11,8,8,4,28,20,30,31,-1,10,5,2,3,18,10,16,14,2,13,3,6,1,10,10,14,17,-3,0
2023,20,Bournemouth,12,7,8,4,25,19,28,35,-7,15,3,3,3,12,9,11,12,-1,10,4,5,1,13,10,17,23,-6,0
2023,20,Fulham,13,7,10,3,24,20,28,35,-7,8,6,4,0,18,10,19,12,7,18,1,6,3,6,10,9,23,-14,0
2023,20,Crystal Palace,14,5,9,6,21,20,22,29,-7,17,2,5,3,9,10,11,14,-3,12,3,4,3,12,10,11,15,-4,0
2023,20,Nottingham Forest,15,5,10,5,20,20,24,35,-11,14,3,4,3,12,10,14,15,-1,15,2,6,2,8,10,10,20,-10,0
2023,20,Brentford,16,5,10,4,19,19,26,31,-5,13,3,4,3,12,10,17,18,-1,16,2,6,1,7,9,9,13,-4,0
2023,20,Everton,17,8,10,2,16,20,24,28,-4,16,3,6,1,10,10,11,12,-1,5,5,4,1,16,10,13,16,-3,0
2023,20,Luton Town,18,4,12,3,15,19,23,37,-14,18,2,6,2,8,10,13,17,-4,17,2,6,1,7,9,10,20,-10,0
2023,20,Burnley,19,3,15,2,11,20,20,41,-21,20,1,9,0,3,10,10,24,-14,14,2,6,2,8,10,10,17,-7,0
2023,20,Sheffield United,20,2,15,3,9,20,15,49,-34,19,2,7,1,7,10,10,24,-14,20,0,8,2,2,10,5,25,-20,0
2023,21,Liverpool,1,14,1,6,48,21,47,18,29,2,8,0,2,26,10,26,8,18,1,6,1,4,22,11,21,10,11,0
2023,21,Manchester City,2,13,3,4,43,20,48,23,25,5,6,0,3,21,9,24,9,15,2,7,3,1,22,11,24,14,10,1
2023,21,Arsenal,3,13,4,4,43,21,42,20,22,3,8,1,2,26,11,27,10,17,4,5,3,2,17,10,15,10,5,0
2023,21,Aston Villa,4,13,4,4,43,21,43,27,16,1,9,0,1,28,10,29,8,21,7,4,4,3,15,11,14,19,-5,0
2023,21,Tottenham Hotspur,5,12,5,4,40,21,44,31,13,6,7,3,0,21,10,20,13,7,3,5,2,4,19,11,24,18,6,0
2023,21,West Ham United,6,10,6,5,35,21,35,32,3,10,5,2,3,18,10,17,10,7,5,5,4,2,17,11,18,22,-4,0
2023,21,Brighton and Hove Albion,7,8,5,8,32,21,38,33,5,7,5,1,5,20,11,22,14,8,11,3,4,3,12,10,16,19,-3,0
2023,21,Manchester United,8,10,9,2,32,21,24,29,-5,8,6,4,1,19,11,15,18,-3,9,4,5,1,13,10,9,11,-2,0
2023,21,Chelsea,9,9,8,4,31,21,35,31,4,11,5,3,3,18,11,18,14,4,8,4,5,1,13,10,17,17,0,0
2023,21,Newcastle United,10,9,10,2,29,21,41,32,9,4,8,3,0,24,11,25,10,15,19,1,7,2,5,10,16,22,-6,0
2023,21,Wolverhampton Wanderers,11,8,8,5,29,21,30,31,-1,12,5,2,3,18,10,16,14,2,13,3,6,2,11,11,14,17,-3,0
2023,21,Bournemouth,12,7,9,4,25,20,28,39,-11,15,3,4,3,12,10,11,16,-5,10,4,5,1,13,10,17,23,-6,0
2023,21,Fulham,13,7,11,3,24,21,28,36,-8,9,6,4,0,18,10,19,12,7,18,1,7,3,6,11,9,24,-15,0
2023,21,Brentford,14,6,10,4,22,20,29,33,-4,13,4,4,3,15,11,20,20,0,17,2,6,1,7,9,9,13,-4,0
2023,21,Crystal Palace,15,5,10,6,21,21,22,34,-12,17,2,5,3,9,10,11,14,-3,12,3,5,3,12,11,11,20,-9,0
2023,21,Nottingham Forest,16,5,11,5,20,21,26,38,-12,14,3,4,3,12,10,14,15,-1,16,2,7,2,8,11,12,23,-11,0
2023,21,Everton,17,8,10,3,17,21,24,28,-4,16,3,6,2,11,11,11,12,-1,6,5,4,1,16,10,13,16,-3,0
2023,21,Luton Town,18,4,12,4,16,20,24,38,-14,18,2,6,2,8,10,13,17,-4,15,2,6,2,8,10,11,21,-10,0
2023,21,Burnley,19,3,15,3,12,21,21,42,-21,20,1,9,1,4,11,11,25,-14,14,2,6,2,8,10,10,17,-7,0
2023,21,Sheffield United,20,2,15,4,10,21,17,51,-34,19,2,7,2,8,11,12,26,-14,20,0,8,2,2,10,5,25,-20,0
2023,22,Liverpool,1,15,1,6,51,22,51,19,32,1,9,0,2,29,11,30,9,21,1,6,1,4,22,11,21,10,11,0
2023,22,Manchester City,2,14,3,4,46,21,51,24,27,4,7,0,3,24,10,27,10,17,2,7,3,1,22,11,24,14,10,1
2023,22,Arsenal,3,14,4,4,46,22,44,21,23,3,8,1,2,26,11,27,10,17,3,6,3,2,20,11,17,11,6,0
2023,22,Tottenham Hotspur,4,13,5,4,43,22,47,33,14,6,8,3,0,24,11,23,15,8,4,5,2,4,19,11,24,18,6,0
2023,22,Aston Villa,5,13,5,4,43,22,44,30,14,2,9,1,1,28,11,30,11,19,8,4,4,3,15,11,14,19,-5,0
2023,22,West Ham United,6,10,6,6,36,22,36,33,3,9,5,2,4,19,11,18,11,7,6,5,4,2,17,11,18,22,-4,0
2023,22,Manchester United,7,11,9,2,35,22,28,32,-4,10,6,4,1,19,11,15,18,-3,7,5,5,1,16,11,13,14,-1,0
2023,22,Newcastle United,8,10,10,2,32,22,44,33,11,5,8,3,0,24,11,25,10,15,14,2,7,2,8,11,19,23,-4,0
2023,22,Brighton and Hove Albion,9,8,6,8,32,22,38,37,1,7,5,1,5,20,11,22,14,8,11,3,5,3,12,11,16,23,-7,0
2023,22,Chelsea,10,9,9,4,31,22,36,35,1,11,5,3,3,18,11,18,14,4,10,4,6,1,13,11,18,21,-3,0
2023,22,Wolverhampton Wanderers,11,8,9,5,29,22,33,35,-2,12,5,3,3,18,11,19,18,1,13,3,6,2,11,11,14,17,-3,0
2023,22,Bournemouth,12,7,9,5,26,21,29,40,-11,16,3,4,3,12,10,11,16,-5,9,4,5,2,14,11,18,24,-6,0
2023,22,Fulham,13,7,11,4,25,22,28,36,-8,8,6,4,1,19,11,19,12,7,19,1,7,3,6,11,9,24,-15,0
2023,22,Crystal Palace,14,6,10,6,24,22,25,36,-11,15,3,5,3,12,11,14,16,-2,12,3,5,3,12,11,11,20,-9,0
2023,22,Brentford,15,6,11,4,22,21,31,36,-5,13,4,4,3,15,11,20,20,0,18,2,7,1,7,10,11,16,-5,0
2023,22,Nottingham Forest,16,5,12,5,20,22,27,40,-13,14,3,5,3,12,11,15,17,-2,17,2,7,2,8,11,12,23,-11,0
2023,22,Luton Town,17,5,12,4,19,21,28,38,-10,17,3,6,2,11,11,17,17,0,16,2,6,2,8,10,11,21,-10,0
2023,22,Everton,18,8,10,4,18,22,24,28,-4,18,3,6,2,11,11,11,12,-1,5,5,4,2,17,11,13,16,-3,0
2023,22,Burnley,19,3,16,3,12,22,22,45,-23,20,1,9,1,4,11,11,25,-14,15,2,7,2,8,11,11,20,-9,0
2023,22,Sheffield United,20,2,16,4,10,22,19,54,-35,19,2,7,2,8,11,12,26,-14,20,0,9,2,2,11,7,28,-21,0
2023,23,Liverpool,1,15,2,6,51,23,52,22,30,1,9,0,2,29,11,30,9,21,2,6,2,4,22,12,22,13,9,0
2023,23,Manchester City,2,15,3,4,49,22,54,25,29,5,7,0,3,24,10,27,10,17,1,8,3,1,25,12,27,15,12,1
2023,23,Arsenal,3,15,4,4,49,23,47,22,25,2,9,1,2,29,12,30,11,19,4,6,3,2,20,11,17,11,6,0
2023,23,Aston Villa,4,14,5,4,46,23,49,30,19,3,9,1,1,28,11,30,11,19,5,5,4,3,18,12,19,19,0,0
2023,23,Tottenham Hotspur,5,13,5,5,44,23,49,35,14,6,8,3,0,24,11,23,15,8,3,5,2,5,20,12,26,20,6,0
2023,23,Manchester United,6,12,9,2,38,23,31,32,-1,8,7,4,1,22,12,18,18,0,8,5,5,1,16,11,13,14,-1,0
2023,23,West Ham United,7,10,7,6,36,23,36,36,0,10,5,2,4,19,11,18,11,7,7,5,5,2,17,12,18,25,-7,0
2023,23,Brighton and Hove Albion,8,9,6,8,35,23,42,38,4,7,6,1,5,23,12,26,15,11,12,3,5,3,12,11,16,23,-7,0
2023,23,Newcastle United,9,10,10,3,33,23,48,37,11,4,8,3,1,25,12,29,14,15,16,2,7,2,8,11,19,23,-4,0
2023,23,Wolverhampton Wanderers,10,9,9,5,32,23,37,37,0,12,5,3,3,18,11,19,18,1,9,4,6,2,14,12,18,19,-1,0
2023,23,Chelsea,11,9,10,4,31,23,38,39,-1,11,5,4,3,18,12,20,18,2,11,4,6,1,13,11,18,21,-3,0
2023,23,Bournemouth,12,7,9,6,27,22,30,41,-11,14,3,4,4,13,11,12,17,-5,10,4,5,2,14,11,18,24,-6,0
2023,23,Fulham,13,7,11,5,26,23,30,38,-8,9,6,4,1,19,11,19,12,7,19,1,7,4,7,12,11,26,-15,0
2023,23,Crystal Palace,14,6,11,6,24,23,26,40,-14,17,3,5,3,12,11,14,16,-2,13,3,6,3,12,12,12,24,-12,0
2023,23,Brentford,15,6,12,4,22,22,32,39,-7,13,4,5,3,15,12,21,23,-2,18,2,7,1,7,10,11,16,-5,0
2023,23,Nottingham Forest,16,5,12,6,21,23,28,41,-13,16,3,5,3,12,11,15,17,-2,15,2,7,3,9,12,13,24,-11,0
2023,23,Luton Town,17,5,12,5,20,22,32,42,-10,18,3,6,2,11,11,17,17,0,14,2,6,3,9,11,15,25,-10,0
2023,23,Everton,18,8,10,5,19,23,26,30,-4,15,3,6,3,12,12,13,14,-1,6,5,4,2,17,11,13,16,-3,0
2023,23,Burnley,19,3,16,4,13,23,24,47,-23,20,1,9,2,5,12,13,27,-14,17,2,7,2,8,11,11,20,-9,0
2023,23,Sheffield United,20,2,17,4,10,23,19,59,-40,19,2,8,2,8,12,12,31,-19,20,0,9,2,2,11,7,28,-21,0
2023,24,Liverpool,1,16,2,6,54,24,55,23,32,1,10,0,2,32,12,33,10,23,3,6,2,4,22,12,22,13,9,0
2023,24,Manchester City,2,16,3,4,52,23,56,25,31,4,8,0,3,27,11,29,10,19,1,8,3,1,25,12,27,15,12,1
2023,24,Arsenal,3,16,4,4,52,24,53,22,31,2,9,1,2,29,12,30,11,19,2,7,3,2,23,12,23,11,12,0
2023,24,Tottenham Hotspur,4,14,5,5,47,24,51,36,15,5,9,3,0,27,12,25,16,9,4,5,2,5,20,12,26,20,6,0
2023,24,Aston Villa,5,14,6,4,46,24,50,32,18,3,9,2,1,28,12,31,13,18,6,5,4,3,18,12,19,19,0,0
2023,24,Manchester United,6,13,9,2,41,24,33,33,0,9,7,4,1,22,12,18,18,0,5,6,5,1,19,12,15,15,0,0
2023,24,Newcastle United,7,11,10,3,36,24,51,39,12,6,8,3,1,25,12,29,14,15,14,3,7,2,11,12,22,25,-3,0
2023,24,West Ham United,8,10,8,6,36,24,36,42,-6,10,5,3,4,19,12,18,17,1,8,5,5,2,17,12,18,25,-7,0
2023,24,Brighton and Hove Albion,9,9,7,8,35,24,43,40,3,7,6,1,5,23,12,26,15,11,12,3,6,3,12,12,17,25,-8,0
2023,24,Chelsea,10,10,10,4,34,24,41,40,1,11,5,4,3,18,12,20,18,2,9,5,6,1,16,12,21,22,-1,0
2023,24,Wolverhampton Wanderers,11,9,10,5,32,24,37,39,-2,12,5,4,3,18,12,19,20,-1,10,4,6,2,14,12,18,19,-1,0
2023,24,Fulham,12,8,11,5,29,24,33,39,-6,8,7,4,1,22,12,22,13,9,19,1,7,4,7,12,11,26,-15,0
2023,24,Bournemouth,13,7,10,6,27,23,31,44,-13,14,3,4,4,13,11,12,17,-5,11,4,6,2,14,12,19,27,-8,0
2023,24,Brentford,14,7,12,4,25,23,34,39,-5,13,4,5,3,15,12,21,23,-2,15,3,7,1,10,11,13,16,-3,0
2023,24,Crystal Palace,15,6,12,6,24,24,27,43,-16,17,3,6,3,12,12,15,19,-4,13,3,6,3,12,12,12,24,-12,0
2023,24,Nottingham Forest,16,5,13,6,21,24,30,44,-14,16,3,6,3,12,12,17,20,-3,17,2,7,3,9,12,13,24,-11,0
2023,24,Luton Town,17,5,13,5,20,23,33,45,-12,18,3,7,2,11,12,18,20,-2,16,2,6,3,9,11,15,25,-10,0
2023,24,Everton,18,8,11,5,19,24,26,32,-6,15,3,6,3,12,12,13,14,-1,7,5,5,2,17,12,13,18,-5,0
2023,24,Burnley,19,3,17,4,13,24,25,50,-25,20,1,9,2,5,12,13,27,-14,18,2,8,2,8,12,12,23,-11,0
2023,24,Sheffield United,20,3,17,4,13,24,22,60,-38,19,2,8,2,8,12,12,31,-19,20,1,9,2,5,12,10,29,-19,0
2023,25,Liverpool,1,17,2,6,57,25,59,24,35,1,10,0,2,32,12,33,10,23,3,7,2,4,25,13,26,14,12,0
2023,25,Manchester City,2,17,3,5,56,25,58,26,32,2,9,0,4,31,13,31,11,20,2,8,3,1,25,12,27,15,12,1
2023,25,Arsenal,3,17,4,4,55,25,58,22,36,3,9,1,2,29,12,30,11,19,1,8,3,2,26,13,28,11,17,0
2023,25,Aston Villa,4,15,6,4,49,25,52,33,19,4,9,2,1,28,12,31,13,18,5,6,4,3,21,13,21,20,1,0
2023,25,Tottenham Hotspur,5,14,6,5,47,25,52,38,14,5,9,4,0,27,13,26,18,8,6,5,2,5,20,12,26,20,6,0
2023,25,Manchester United,6,14,9,2,44,25,35,34,1,9,7,4,1,22,12,18,18,0,4,7,5,1,22,13,17,16,1,0
2023,25,Brighton and Hove Albion,7,10,7,8,38,25,48,40,8,7,6,1,5,23,12,26,15,11,11,4,6,3,15,13,22,25,-3,0
2023,25,Newcastle United,8,11,10,4,37,25,53,41,12,6,8,3,2,26,13,31,16,15,14,3,7,2,11,12,22,25,-3,0
2023,25,West Ham United,9,10,9,6,36,25,36,44,-8,10,5,3,4,19,12,18,17,1,10,5,6,2,17,13,18,27,-9,0
2023,25,Chelsea,10,10,10,5,35,25,42,41,1,11,5,4,3,18,12,20,18,2,8,5,6,2,17,13,22,23,-1,0
2023,25,Wolverhampton Wanderers,11,10,10,5,35,25,39,40,-1,12,5,4,3,18,12,19,20,-1,7,5,6,2,17,13,20,20,0,0
2023,25,Fulham,12,8,12,5,29,25,34,41,-7,8,7,5,1,22,13,23,15,8,19,1,7,4,7,12,11,26,-15,0
2023,25,Bournemouth,13,7,10,7,28,24,33,46,-13,16,3,4,4,13,11,12,17,-5,12,4,6,3,15,13,21,29,-8,0
2023,25,Brentford,14,7,14,4,25,25,35,44,-9,14,4,6,3,15,13,22,27,-5,15,3,8,1,10,12,13,17,-4,0
2023,25,Crystal Palace,15,6,12,7,25,25,28,44,-16,17,3,6,3,12,12,15,19,-4,13,3,6,4,13,13,13,25,-12,0
2023,25,Nottingham Forest,16,6,13,6,24,25,32,44,-12,13,4,6,3,15,13,19,20,-1,17,2,7,3,9,12,13,24,-11,0
2023,25,Everton,17,8,11,6,20,25,27,33,-6,15,3,6,4,13,13,14,15,-1,9,5,5,2,17,12,13,18,-5,0
2023,25,Luton Town,18,5,14,5,20,24,34,47,-13,18,3,8,2,11,13,19,22,-3,16,2,6,3,9,11,15,25,-10,0
2023,25,Burnley,19,3,18,4,13,25,25,55,-30,20,1,10,2,5,13,13,32,-19,18,2,8,2,8,12,12,23,-11,0
2023,25,Sheffield United,20,3,18,4,13,25,22,65,-43,19,2,9,2,8,13,12,36,-24,20,1,9,2,5,12,10,29,-19,0
2023,26,Liverpool,1,18,2,6,60,26,63,25,38,1,11,0,2,35,13,37,11,26,3,7,2,4,25,13,26,14,12,0
2023,26,Manchester City,2,18,3,5,59,26,59,26,33,4,9,0,4,31,13,31,11,20,1,9,3,1,28,13,28,15,13,1
2023,26,Arsenal,3,18,4,4,58,26,62,23,39,2,10,1,2,32,13,34,12,22,2,8,3,2,26,13,28,11,17,0
2023,26,Aston Villa,4,16,6,4,52,26,56,35,21,3,10,2,1,31,13,35,15,20,5,6,4,3,21,13,21,20,1,0
2023,26,Tottenham Hotspur,5,14,6,5,47,25,52,38,14,5,9,4,0,27,13,26,18,8,6,5,2,5,20,12,26,20,6,0
2023,26,Manchester United,6,14,10,2,44,26,36,36,0,10,7,5,1,22,13,19,20,-1,4,7,5,1,22,13,17,16,1,0
2023,26,Brighton and Hove Albion,7,10,7,9,39,26,49,41,8,7,6,1,6,24,13,27,16,11,11,4,6,3,15,13,22,25,-3,0
2023,26,West Ham United,8,11,9,6,39,26,40,46,-6,9,6,3,4,22,13,22,19,3,10,5,6,2,17,13,18,27,-9,0
2023,26,Wolverhampton Wanderers,9,11,10,5,38,26,40,40,0,11,6,4,3,21,13,20,20,0,8,5,6,2,17,13,20,20,0,0
2023,26,Newcastle United,10,11,11,4,37,26,54,45,9,6,8,3,2,26,13,31,16,15,14,3,8,2,11,13,23,29,-6,0
2023,26,Chelsea,11,10,10,5,35,25,42,41,1,12,5,4,3,18,12,20,18,2,9,5,6,2,17,13,22,23,-1,0
2023,26,Fulham,12,9,12,5,32,26,36,42,-6,8,7,5,1,22,13,23,15,8,16,2,7,4,10,13,13,27,-14,0
2023,26,Crystal Palace,13,7,12,7,28,26,31,44,-13,14,4,6,3,15,13,18,19,-1,13,3,6,4,13,13,13,25,-12,0
2023,26,Bournemouth,14,7,11,7,28,25,33,47,-14,17,3,5,4,13,12,12,18,-6,12,4,6,3,15,13,21,29,-8,0
2023,26,Everton,15,8,11,7,25,26,28,34,-6,16,3,6,4,13,13,14,15,-1,7,5,5,3,18,13,14,19,-5,0
2023,26,Brentford,16,7,15,4,25,26,37,48,-11,15,4,6,3,15,13,22,27,-5,15,3,9,1,10,13,15,21,-6,0
2023,26,Nottingham Forest,17,6,14,6,24,26,34,48,-14,13,4,6,3,15,13,19,20,-1,18,2,8,3,9,13,15,28,-13,0
2023,26,Luton Town,18,5,15,5,20,25,35,51,-16,18,3,8,2,11,13,19,22,-3,17,2,7,3,9,12,16,29,-13,0
2023,26,Burnley,19,3,19,4,13,26,25,58,-33,20,1,10,2,5,13,13,32,-19,19,2,9,2,8,13,12,26,-14,0
2023,26,Sheffield United,20,3,19,4,13,26,22,66,-44,19,2,9,2,8,13,12,36,-24,20,1,10,2,5,13,10,30,-20,0
2023,27,Liverpool,1,19,2,6,63,27,64,25,39,1,11,0,2,35,13,37,11,26,3,8,2,4,28,14,27,14,13,0
2023,27,Manchester City,2,19,3,5,62,27,62,27,35,2,10,0,4,34,14,34,12,22,2,9,3,1,28,13,28,15,13,1
2023,27,Arsenal,3,19,4,4,61,27,68,23,45,3,10,1,2,32,13,34,12,22,1,9,3,2,29,14,34,11,23,0
2023,27,Aston Villa,4,17,6,4,55,27,59,37,22,4,10,2,1,31,13,35,15,20,4,7,4,3,24,14,24,22,2,0
2023,27,Tottenham Hotspur,5,15,6,5,50,26,55,39,16,5,10,4,0,30,14,29,19,10,6,5,2,5,20,12,26,20,6,0
2023,27,Manchester United,6,14,11,2,44,27,37,39,-2,10,7,5,1,22,13,19,20,-1,5,7,6,1,22,14,18,19,-1,0
2023,27,West Ham United,7,12,9,6,42,27,43,47,-4,9,6,3,4,22,13,22,19,3,7,6,6,2,20,14,21,28,-7,0
2023,27,Newcastle United,8,12,11,4,40,27,57,45,12,6,9,3,2,29,14,34,16,18,14,3,8,2,11,13,23,29,-6,0
2023,27,Brighton and Hove Albion,9,10,8,9,39,27,49,44,5,8,6,1,6,24,13,27,16,11,12,4,7,3,15,14,22,28,-6,0
2023,27,Wolverhampton Wanderers,10,11,11,5,38,27,40,43,-3,11,6,4,3,21,13,20,20,0,11,5,7,2,17,14,20,23,-3,0
2023,27,Chelsea,11,10,10,6,36,26,44,43,1,12,5,4,3,18,12,20,18,2,8,5,6,3,18,14,24,25,-1,0
2023,27,Fulham,12,10,12,5,35,27,39,42,-3,7,8,5,1,25,14,26,15,11,16,2,7,4,10,13,13,27,-14,0
2023,27,Bournemouth,13,8,11,7,31,26,35,47,-12,17,3,5,4,13,12,12,18,-6,10,5,6,3,18,14,23,29,-6,0
2023,27,Crystal Palace,14,7,13,7,28,27,32,47,-15,14,4,6,3,15,13,18,19,-1,13,3,7,4,13,14,14,28,-14,0
2023,27,Brentford,15,7,15,5,26,27,39,50,-11,13,4,6,4,16,14,24,29,-5,15,3,9,1,10,13,15,21,-6,0
2023,27,Everton,16,8,12,7,25,27,29,37,-8,16,3,7,4,13,14,15,18,-3,9,5,5,3,18,13,14,19,-5,0
2023,27,Nottingham Forest,17,6,15,6,24,27,34,49,-15,15,4,7,3,15,14,19,21,-2,18,2,8,3,9,13,15,28,-13,0
2023,27,Luton Town,18,5,16,5,20,26,37,54,-17,18,3,9,2,11,14,21,25,-4,17,2,7,3,9,12,16,29,-13,0
2023,27,Burnley,19,3,20,4,13,27,25,60,-35,20,1,11,2,5,14,13,34,-21,19,2,9,2,8,13,12,26,-14,0
2023,27,Sheffield United,20,3,20,4,13,27,22,72,-50,19,2,10,2,8,14,12,42,-30,20,1,10,2,5,13,10,30,-20,0
2023,28,Arsenal,1,20,4,4,64,28,70,24,46,2,11,1,2,35,14,36,13,23,1,9,3,2,29,14,34,11,23,0
2023,28,Liverpool,2,19,2,7,64,28,65,26,39,1,11,0,3,36,14,38,12,26,3,8,2,4,28,14,27,14,13,0
2023,28,Manchester City,3,19,3,6,63,28,63,28,35,3,10,0,4,34,14,34,12,22,2,9,3,2,29,14,29,16,13,1
2023,28,Aston Villa,4,17,7,4,55,28,59,41,18,4,10,3,1,31,14,35,19,16,4,7,4,3,24,14,24,22,2,0
2023,28,Tottenham Hotspur,5,16,6,5,53,27,59,39,20,5,10,4,0,30,14,29,19,10,5,6,2,5,23,13,30,20,10,0
2023,28,Manchester United,6,15,11,2,47,28,39,39,0,9,8,5,1,25,14,21,20,1,6,7,6,1,22,14,18,19,-1,0
2023,28,West Ham United,7,12,9,7,43,28,45,49,-4,11,6,3,5,23,14,24,21,3,7,6,6,2,20,14,21,28,-7,0
2023,28,Brighton and Hove Albion,8,11,8,9,42,28,50,44,6,7,7,1,6,27,14,28,16,12,12,4,7,3,15,14,22,28,-6,0
2023,28,Wolverhampton Wanderers,9,12,11,5,41,28,42,44,-2,10,7,4,3,24,14,22,21,1,11,5,7,2,17,14,20,23,-3,0
2023,28,Newcastle United,10,12,12,4,40,28,59,48,11,6,9,3,2,29,14,34,16,18,14,3,9,2,11,14,25,32,-7,0
2023,28,Chelsea,11,11,10,6,39,27,47,45,2,12,6,4,3,21,13,23,20,3,8,5,6,3,18,14,24,25,-1,0
2023,28,Fulham,12,10,13,5,35,28,40,44,-4,8,8,5,1,25,14,26,15,11,17,2,8,4,10,14,14,29,-15,0
2023,28,Bournemouth,13,9,11,8,35,28,41,52,-11,13,4,5,5,17,14,18,23,-5,9,5,6,3,18,14,23,29,-6,0
2023,28,Crystal Palace,14,7,13,8,29,28,33,48,-15,14,4,6,4,16,14,19,20,-1,13,3,7,4,13,14,14,28,-14,0
2023,28,Brentford,15,7,16,5,26,28,40,52,-12,15,4,6,4,16,14,24,29,-5,15,3,10,1,10,14,16,23,-7,0
2023,28,Everton,16,8,13,7,25,28,29,39,-10,17,3,7,4,13,14,15,18,-3,10,5,6,3,18,14,14,21,-7,0
2023,28,Nottingham Forest,17,6,16,6,24,28,34,50,-16,16,4,7,3,15,14,19,21,-2,18,2,9,3,9,14,15,29,-14,0
2023,28,Luton Town,18,5,17,6,21,28,41,59,-18,18,3,9,2,11,14,21,25,-4,16,2,8,4,10,14,20,34,-14,0
2023,28,Burnley,19,3,20,5,14,28,27,62,-35,20,1,11,2,5,14,13,34,-21,19,2,9,3,9,14,14,28,-14,0
2023,28,Sheffield United,20,3,20,5,14,28,24,74,-50,19,2,10,2,8,14,12,42,-30,20,1,10,3,6,14,12,32,-20,0
2023,29,Arsenal,1,20,4,4,64,28,70,24,46,2,11,1,2,35,14,36,13,23,1,9,3,2,29,14,34,11,23,0
2023,29,Liverpool,2,19,2,7,64,28,65,26,39,1,11,0,3,36,14,38,12,26,3,8,2,4,28,14,27,14,13,0
2023,29,Manchester City,3,19,3,6,63,28,63,28,35,3,10,0,4,34,14,34,12,22,2,9,3,2,29,14,29,16,13,1
2023,29,Aston Villa,4,17,7,5,56,29,60,42,18,4,10,3,1,31,14,35,19,16,4,7,4,4,25,15,25,23,2,0
2023,29,Tottenham Hotspur,5,16,7,5,53,28,59,42,17,5,10,4,0,30,14,29,19,10,5,6,3,5,23,14,30,23,7,0
2023,29,Manchester United,6,15,11,2,47,28,39,39,0,9,8,5,1,25,14,21,20,1,6,7,6,1,22,14,18,19,-1,0
2023,29,West Ham United,7,12,9,8,44,29,46,50,-4,10,6,3,6,24,15,25,22,3,7,6,6,2,20,14,21,28,-7,0
2023,29,Brighton and Hove Albion,8,11,8,9,42,28,50,44,6,8,7,1,6,27,14,28,16,12,12,4,7,3,15,14,22,28,-6,0
2023,29,Wolverhampton Wanderers,9,12,11,5,41,28,42,44,-2,11,7,4,3,24,14,22,21,1,11,5,7,2,17,14,20,23,-3,0
2023,29,Newcastle United,10,12,12,4,40,28,59,48,11,6,9,3,2,29,14,34,16,18,14,3,9,2,11,14,25,32,-7,0
2023,29,Chelsea,11,11,10,6,39,27,47,45,2,12,6,4,3,21,13,23,20,3,8,5,6,3,18,14,24,25,-1,0
2023,29,Fulham,12,11,13,5,38,29,43,44,-1,7,9,5,1,28,15,29,15,14,18,2,8,4,10,14,14,29,-15,0
2023,29,Bournemouth,13,9,11,8,35,28,41,52,-11,13,4,5,5,17,14,18,23,-5,9,5,6,3,18,14,23,29,-6,0
2023,29,Crystal Palace,14,7,13,8,29,28,33,48,-15,14,4,6,4,16,14,19,20,-1,13,3,7,4,13,14,14,28,-14,0
2023,29,Brentford,15,7,17,5,26,29,41,54,-13,15,4,6,4,16,14,24,29,-5,15,3,11,1,10,15,17,25,-8,0
2023,29,Everton,16,8,13,7,25,28,29,39,-10,17,3,7,4,13,14,15,18,-3,10,5,6,3,18,14,14,21,-7,0
2023,29,Luton Town,17,5,17,7,22,29,42,60,-18,18,3,9,3,12,15,22,26,-4,16,2,8,4,10,14,20,34,-14,0
2023,29,Nottingham Forest,18,6,16,7,21,29,35,51,-16,16,4,7,3,15,14,19,21,-2,17,2,9,4,10,15,16,30,-14,0
2023,29,Burnley,19,4,20,5,17,29,29,63,-34,19,2,11,2,8,15,15,35,-20,19,2,9,3,9,14,14,28,-14,0
2023,29,Sheffield United,20,3,20,5,14,28,24,74,-50,20,2,10,2,8,14,12,42,-30,20,1,10,3,6,14,12,32,-20,0
2023,30,Liverpool,1,20,2,7,67,29,67,27,40,1,12,0,3,39,15,40,13,27,3,8,2,4,28,14,27,14,13,0
2023,30,Arsenal,2,20,4,5,65,29,70,24,46,2,11,1,2,35,14,36,13,23,1,9,3,3,30,15,34,11,23,0
2023,30,Manchester City,3,19,3,7,64,29,63,28,35,3,10,0,5,35,15,34,12,22,2,9,3,2,29,14,29,16,13,1
2023,30,Aston Villa,4,18,7,5,59,30,62,42,20,4,11,3,1,34,15,37,19,18,4,7,4,4,25,15,25,23,2,0
2023,30,Tottenham Hotspur,5,17,7,5,56,29,61,43,18,5,11,4,0,33,15,31,20,11,5,6,3,5,23,14,30,23,7,0
2023,30,Manchester United,6,15,11,3,48,29,40,40,0,9,8,5,1,25,14,21,20,1,6,7,6,2,23,15,19,20,-1,0
2023,30,West Ham United,7,12,10,8,44,30,49,54,-5,10,6,3,6,24,15,25,22,3,7,6,7,2,20,15,24,32,-8,0
2023,30,Newcastle United,8,13,12,4,43,29,63,51,12,6,10,3,2,32,15,38,19,19,14,3,9,2,11,14,25,32,-7,0
2023,30,Brighton and Hove Albion,9,11,9,9,42,29,51,46,5,8,7,1,6,27,14,28,16,12,12,4,8,3,15,15,23,30,-7,0
2023,30,Wolverhampton Wanderers,10,12,12,5,41,29,42,46,-4,11,7,4,3,24,14,22,21,1,11,5,8,2,17,15,20,25,-5,0
2023,30,Chelsea,11,11,10,7,40,28,49,47,2,12,6,4,4,22,14,25,22,3,8,5,6,3,18,14,24,25,-1,0
2023,30,Fulham,12,11,13,6,39,30,46,47,-1,7,9,5,1,28,15,29,15,14,15,2,8,5,11,15,17,32,-15,0
2023,30,Bournemouth,13,10,11,8,38,29,43,53,-10,13,5,5,5,20,15,20,24,-4,9,5,6,3,18,14,23,29,-6,0
2023,30,Crystal Palace,14,7,13,9,30,29,34,49,-15,15,4,6,4,16,14,19,20,-1,13,3,7,5,14,15,15,29,-14,0
2023,30,Brentford,15,7,17,6,27,30,42,55,-13,14,4,6,5,17,15,25,30,-5,16,3,11,1,10,15,17,25,-8,0
2023,30,Everton,16,8,14,7,25,29,30,41,-11,17,3,7,4,13,14,15,18,-3,10,5,7,3,18,15,15,23,-8,0
2023,30,Nottingham Forest,17,6,16,8,22,30,36,52,-16,16,4,7,4,16,15,20,22,-2,18,2,9,4,10,15,16,30,-14,0
2023,30,Luton Town,18,5,18,7,22,30,43,62,-19,18,3,9,3,12,15,22,26,-4,19,2,9,4,10,15,21,36,-15,0
2023,30,Burnley,19,4,20,6,18,30,31,65,-34,20,2,11,2,8,15,15,35,-20,17,2,9,4,10,15,16,30,-14,0
2023,30,Sheffield United,20,3,20,6,15,29,27,77,-50,19,2,10,3,9,15,15,45,-30,20,1,10,3,6,14,12,32,-20,0
2023,31,Liverpool,1,21,2,7,70,30,70,28,42,1,13,0,3,42,16,43,14,29,3,8,2,4,28,14,27,14,13,0
2023,31,Arsenal,2,21,4,5,68,30,72,24,48,2,12,1,2,38,15,38,13,25,1,9,3,3,30,15,34,11,23,0
2023,31,Manchester City,3,20,3,7,67,30,67,29,38,3,11,0,5,38,16,38,13,25,2,9,3,2,29,14,29,16,13,1
2023,31,Aston Villa,4,18,8,5,59,31,63,46,17,4,11,3,1,34,15,37,19,18,4,7,5,4,25,16,26,27,-1,0
2023,31,Tottenham Hotspur,5,17,7,6,57,30,62,44,18,6,11,4,0,33,15,31,20,11,5,6,3,6,24,15,31,24,7,0
2023,31,Manchester United,6,15,12,3,48,30,43,44,-1,11,8,5,1,25,14,21,20,1,6,7,7,2,23,16,22,24,-2,0
2023,31,West Ham United,7,12,10,9,45,31,50,55,-5,10,6,3,7,25,16,26,23,3,7,6,7,2,20,15,24,32,-8,0
2023,31,Newcastle United,8,13,12,5,44,30,64,52,12,5,10,3,3,33,16,39,20,19,14,3,9,2,11,14,25,32,-7,0
2023,31,Brighton and Hove Albion,9,11,9,10,43,30,51,46,5,8,7,1,6,27,14,28,16,12,12,4,8,4,16,16,23,30,-7,0
2023,31,Chelsea,10,12,10,7,43,29,53,50,3,9,7,4,4,25,15,29,25,4,9,5,6,3,18,14,24,25,-1,0
2023,31,Wolverhampton Wanderers,11,12,12,6,42,30,43,47,-4,12,7,4,3,24,14,22,21,1,10,5,8,3,18,16,21,26,-5,0
2023,31,Bournemouth,12,11,11,8,41,30,44,53,-9,13,6,5,5,23,16,21,24,-3,11,5,6,3,18,14,23,29,-6,0
2023,31,Fulham,13,11,14,6,39,31,47,50,-3,7,9,5,1,28,15,29,15,14,15,2,9,5,11,16,18,35,-17,0
2023,31,Crystal Palace,14,7,14,9,30,30,34,50,-16,16,4,6,4,16,14,19,20,-1,13,3,8,5,14,16,15,30,-15,0
2023,31,Brentford,15,7,17,7,28,31,42,55,-13,15,4,6,6,18,16,25,30,-5,16,3,11,1,10,15,17,25,-8,0
2023,31,Everton,16,8,14,8,26,30,31,42,-11,17,3,7,4,13,14,15,18,-3,8,5,7,4,19,16,16,24,-8,0
2023,31,Nottingham Forest,17,7,16,8,25,31,39,53,-14,14,5,7,4,19,16,23,23,0,18,2,9,4,10,15,16,30,-14,0
2023,31,Luton Town,18,5,19,7,22,31,43,64,-21,18,3,9,3,12,15,22,26,-4,19,2,10,4,10,16,21,38,-17,0
2023,31,Burnley,19,4,20,7,19,31,32,66,-34,19,2,11,3,9,16,16,36,-20,17,2,9,4,10,15,16,30,-14,0
2023,31,Sheffield United,20,3,21,6,15,30,28,80,-52,20,2,10,3,9,15,15,45,-30,20,1,11,3,6,15,13,35,-22,0
2023,32,Arsenal,1,22,4,5,71,31,75,24,51,2,12,1,2,38,15,38,13,25,1,10,3,3,33,16,37,11,26,0
2023,32,Liverpool,2,21,2,8,71,31,72,30,42,1,13,0,3,42,16,43,14,29,3,8,2,5,29,15,29,16,13,0
2023,32,Manchester City,3,21,3,7,70,31,71,31,40,3,11,0,5,38,16,38,13,25,2,10,3,2,32,15,33,18,15,1
2023,32,Tottenham Hotspur,4,18,7,6,60,31,65,45,20,4,12,4,0,36,16,34,21,13,5,6,3,6,24,15,31,24,7,0
2023,32,Aston Villa,5,18,8,6,60,32,66,49,17,5,11,3,2,35,16,40,22,18,4,7,5,4,25,16,26,27,-1,0
2023,32,Manchester United,6,15,12,4,49,31,45,46,-1,9,8,5,2,26,15,23,22,1,6,7,7,2,23,16,22,24,-2,0
2023,32,West Ham United,7,13,10,9,48,32,52,56,-4,11,6,3,7,25,16,26,23,3,7,7,7,2,23,16,26,33,-7,0
2023,32,Newcastle United,8,14,12,5,47,31,65,52,13,6,10,3,3,33,16,39,20,19,13,4,9,2,14,15,26,32,-6,0
2023,32,Chelsea,9,12,10,8,44,30,55,52,3,10,7,4,4,25,15,29,25,4,8,5,6,4,19,15,26,27,-1,0
2023,32,Brighton and Hove Albion,10,11,10,10,43,31,51,49,2,8,7,2,6,27,15,28,19,9,12,4,8,4,16,16,23,30,-7,0
2023,32,Wolverhampton Wanderers,11,12,13,6,42,31,44,49,-5,12,7,5,3,24,15,23,23,0,10,5,8,3,18,16,21,26,-5,0
2023,32,Bournemouth,12,11,12,8,41,31,45,55,-10,13,6,5,5,23,16,21,24,-3,11,5,7,3,18,15,24,31,-7,0
2023,32,Fulham,13,11,15,6,39,32,47,51,-4,7,9,6,1,28,16,29,16,13,16,2,9,5,11,16,18,35,-17,0
2023,32,Crystal Palace,14,7,15,9,30,31,36,54,-18,17,4,7,4,16,15,21,24,-3,14,3,8,5,14,16,15,30,-15,0
2023,32,Brentford,15,7,17,8,29,32,45,58,-13,15,4,6,6,18,16,25,30,-5,15,3,11,2,11,16,20,28,-8,0
2023,32,Everton,16,9,14,8,27,31,32,42,-10,16,4,7,4,16,15,16,18,-2,9,5,7,4,19,16,16,24,-8,0
2023,32,Nottingham Forest,17,7,17,8,25,32,40,56,-16,14,5,7,4,19,16,23,23,0,18,2,10,4,10,16,17,33,-16,0
2023,32,Luton Town,18,6,19,7,25,32,45,65,-20,18,4,9,3,15,16,24,27,-3,19,2,10,4,10,16,21,38,-17,0
2023,32,Burnley,19,4,21,7,19,32,32,67,-35,20,2,11,3,9,16,16,36,-20,17,2,10,4,10,16,16,31,-15,0
2023,32,Sheffield United,20,3,21,7,16,31,30,82,-52,19,2,10,4,10,16,17,47,-30,20,1,11,3,6,15,13,35,-22,0
2023,33,Manchester City,1,22,3,7,73,32,76,32,44,2,12,0,5,41,17,43,14,29,2,10,3,2,32,15,33,18,15,1
2023,33,Arsenal,2,22,5,5,71,32,75,26,49,3,12,2,2,38,16,38,15,23,1,10,3,3,33,16,37,11,26,0
2023,33,Liverpool,3,21,3,8,71,32,72,31,41,1,13,1,3,42,17,43,15,28,3,8,2,5,29,15,29,16,13,0
2023,33,Aston Villa,4,19,8,6,63,33,68,49,19,6,11,3,2,35,16,40,22,18,4,8,5,4,28,17,28,27,1,0
2023,33,Tottenham Hotspur,5,18,8,6,60,32,65,49,16,5,12,4,0,36,16,34,21,13,5,6,4,6,24,16,31,28,3,0
2023,33,Newcastle United,6,15,12,5,50,32,69,52,17,4,11,3,3,36,17,43,20,23,14,4,9,2,14,15,26,32,-6,0
2023,33,Manchester United,7,15,12,5,50,32,47,48,-1,10,8,5,2,26,15,23,22,1,6,7,7,3,24,17,24,26,-2,0
2023,33,West Ham United,8,13,11,9,48,33,52,58,-6,11,6,4,7,25,17,26,25,1,7,7,7,2,23,16,26,33,-7,0
2023,33,Chelsea,9,13,10,8,47,31,61,52,9,8,8,4,4,28,16,35,25,10,8,5,6,4,19,15,26,27,-1,0
2023,33,Brighton and Hove Albion,10,11,10,11,44,32,52,50,2,9,7,2,6,27,15,28,19,9,12,4,8,5,17,17,24,31,-7,0
2023,33,Wolverhampton Wanderers,11,12,13,7,43,32,46,51,-5,12,7,5,3,24,15,23,23,0,9,5,8,4,19,17,23,28,-5,0
2023,33,Fulham,12,12,15,6,42,33,49,51,-2,7,9,6,1,28,16,29,16,13,15,3,9,5,14,17,20,35,-15,0
2023,33,Bournemouth,13,11,12,9,42,32,47,57,-10,13,6,5,6,24,17,23,26,-3,11,5,7,3,18,15,24,31,-7,0
2023,33,Crystal Palace,14,8,15,9,33,32,37,54,-17,17,4,7,4,16,15,21,24,-3,13,4,8,5,17,17,16,30,-14,0
2023,33,Brentford,15,8,17,8,32,33,47,58,-11,14,5,6,6,21,17,27,30,-3,16,3,11,2,11,16,20,28,-8,0
2023,33,Everton,16,9,15,8,27,32,32,48,-16,16,4,7,4,16,15,16,18,-2,10,5,8,4,19,17,16,30,-14,0
2023,33,Nottingham Forest,17,7,17,9,26,33,42,58,-16,15,5,7,5,20,17,25,25,0,18,2,10,4,10,16,17,33,-16,0
2023,33,Luton Town,18,6,20,7,25,33,46,70,-24,18,4,9,3,15,16,24,27,-3,19,2,11,4,10,17,22,43,-21,0
2023,33,Burnley,19,4,21,8,20,33,33,68,-35,19,2,11,4,10,17,17,37,-20,17,2,10,4,10,16,16,31,-15,0
2023,33,Sheffield United,20,3,22,7,16,32,30,84,-54,20,2,10,4,10,16,17,47,-30,20,1,12,3,6,16,13,37,-24,0
2023,34,Arsenal,1,24,5,5,77,34,82,26,56,3,13,2,2,41,17,43,15,28,1,11,3,3,36,17,39,11,28,0
2023,34,Manchester City,2,23,3,7,76,33,80,32,48,2,12,0,5,41,17,43,14,29,2,11,3,2,35,16,37,18,19,1
2023,34,Liverpool,3,22,4,8,74,34,75,34,41,1,13,1,3,42,17,43,15,28,3,9,3,5,32,17,32,19,13,0
2023,34,Aston Villa,4,20,8,6,66,34,71,50,21,4,12,3,2,38,17,43,23,20,4,8,5,4,28,17,28,27,1,0
2023,34,Tottenham Hotspur,5,18,8,6,60,32,65,49,16,6,12,4,0,36,16,34,21,13,5,6,4,6,24,16,31,28,3,0
2023,34,Manchester United,6,16,12,5,53,33,51,50,1,7,9,5,2,29,16,27,24,3,6,7,7,3,24,17,24,26,-2,0
2023,34,Newcastle United,7,15,13,5,50,33,69,54,15,5,11,3,3,36,17,43,20,23,15,4,10,2,14,16,26,34,-8,0
2023,34,West Ham United,8,13,12,9,48,34,54,63,-9,11,6,4,7,25,17,26,25,1,7,7,8,2,23,17,28,38,-10,0
2023,34,Chelsea,9,13,11,8,47,32,61,57,4,9,8,4,4,28,16,35,25,10,10,5,7,4,19,16,26,32,-6,0
2023,34,Bournemouth,10,12,13,9,45,34,49,60,-11,12,6,5,6,24,17,23,26,-3,8,6,8,3,21,17,26,34,-8,0
2023,34,Brighton and Hove Albion,11,11,11,11,44,33,52,54,-2,10,7,3,6,27,16,28,23,5,12,4,8,5,17,17,24,31,-7,0
2023,34,Wolverhampton Wanderers,12,12,15,7,43,34,46,54,-8,13,7,7,3,24,17,23,26,-3,9,5,8,4,19,17,23,28,-5,0
2023,34,Fulham,13,12,16,6,42,34,50,54,-4,8,9,7,1,28,17,30,19,11,16,3,9,5,14,17,20,35,-15,0
2023,34,Crystal Palace,14,10,15,9,39,34,44,56,-12,14,6,7,4,22,17,28,26,2,13,4,8,5,17,17,16,30,-14,0
2023,34,Brentford,15,9,17,8,35,34,52,59,-7,16,5,6,6,21,17,27,30,-3,14,4,11,2,14,17,25,29,-4,0
2023,34,Everton,16,11,15,8,33,34,36,48,-12,15,6,7,4,22,17,20,18,2,11,5,8,4,19,17,16,30,-14,0
2023,34,Nottingham Forest,17,7,18,9,26,34,42,60,-18,17,5,7,5,20,17,25,25,0,18,2,11,4,10,17,17,35,-18,0
2023,34,Luton Town,18,6,21,7,25,34,47,75,-28,18,4,10,3,15,17,25,32,-7,19,2,11,4,10,17,22,43,-21,0
2023,34,Burnley,19,5,21,8,23,34,37,69,-32,19,2,11,4,10,17,17,37,-20,17,3,10,4,13,17,20,32,-12,0
2023,34,Sheffield United,20,3,24,7,16,34,33,92,-59,20,2,11,4,10,17,18,51,-33,20,1,13,3,6,17,15,41,-26,0
2023,35,Arsenal,1,25,5,5,80,35,85,28,57,3,13,2,2,41,17,43,15,28,1,12,3,3,39,18,42,13,29,0
2023,35,Manchester City,2,24,3,7,79,34,82,32,50,2,12,0,5,41,17,43,14,29,2,12,3,2,38,17,39,18,21,1
2023,35,Liverpool,3,22,4,9,75,35,77,36,41,1,13,1,3,42,17,43,15,28,3,9,3,6,33,18,34,21,13,0
2023,35,Aston Villa,4,20,8,7,67,35,73,52,21,5,12,3,3,39,18,45,25,20,4,8,5,4,28,17,28,27,1,0
2023,35,Tottenham Hotspur,5,18,10,6,60,34,67,54,13,6,12,5,0,36,17,36,24,12,5,6,5,6,24,17,31,30,1,0
2023,35,Manchester United,6,16,12,6,54,34,52,51,1,8,9,5,3,30,17,28,25,3,6,7,7,3,24,17,24,26,-2,0
2023,35,Newcastle United,7,16,13,5,53,34,74,55,19,4,12,3,3,39,18,48,21,27,15,4,10,2,14,16,26,34,-8,0
2023,35,Chelsea,8,14,11,9,51,34,65,59,6,7,9,4,4,31,17,37,25,12,9,5,7,5,20,17,28,34,-6,0
2023,35,West Ham United,9,13,12,10,49,35,56,65,-9,13,6,4,8,26,18,28,27,1,7,7,8,2,23,17,28,38,-10,0
2023,35,Bournemouth,10,13,13,9,48,35,52,60,-8,11,7,5,6,27,18,26,26,0,8,6,8,3,21,17,26,34,-8,0
2023,35,Wolverhampton Wanderers,11,13,15,7,46,35,48,55,-7,12,8,7,3,27,18,25,27,-2,10,5,8,4,19,17,23,28,-5,0
2023,35,Brighton and Hove Albion,12,11,12,11,44,34,52,57,-5,10,7,3,6,27,16,28,23,5,13,4,9,5,17,18,24,34,-10,0
2023,35,Fulham,13,12,16,7,43,35,51,55,-4,9,9,7,2,29,18,31,20,11,17,3,9,5,14,17,20,35,-15,0
2023,35,Crystal Palace,14,10,15,10,40,35,45,57,-12,15,6,7,4,22,17,28,26,2,12,4,8,6,18,18,17,31,-14,0
2023,35,Everton,15,12,15,8,36,35,37,48,-11,14,7,7,4,25,18,21,18,3,11,5,8,4,19,17,16,30,-14,0
2023,35,Brentford,16,9,18,8,35,35,52,60,-8,16,5,6,6,21,17,27,30,-3,14,4,12,2,14,18,25,30,-5,0
2023,35,Nottingham Forest,17,7,19,9,26,35,42,62,-20,17,5,8,5,20,18,25,27,-2,18,2,11,4,10,17,17,35,-18,0
2023,35,Luton Town,18,6,22,7,25,35,48,77,-29,18,4,10,3,15,17,25,32,-7,19,2,12,4,10,18,23,45,-22,0
2023,35,Burnley,19,5,21,9,24,35,38,70,-32,19,2,11,4,10,17,17,37,-20,16,3,10,5,14,18,21,33,-12,0
2023,35,Sheffield United,20,3,25,7,16,35,34,97,-63,20,2,11,4,10,17,18,51,-33,20,1,14,3,6,18,16,46,-30,0
2023,36,Arsenal,1,26,5,5,83,36,88,28,60,3,14,2,2,44,18,46,15,31,1,12,3,3,39,18,42,13,29,0
2023,36,Manchester City,2,25,3,7,82,35,87,33,54,2,13,0,5,44,18,48,15,33,2,12,3,2,38,17,39,18,21,1
2023,36,Liverpool,3,23,4,9,78,36,81,38,43,1,14,1,3,45,18,47,17,30,3,9,3,6,33,18,34,21,13,0
2023,36,Aston Villa,4,20,9,7,67,36,73,53,20,5,12,3,3,39,18,45,25,20,4,8,6,4,28,18,28,28,0,0
2023,36,Tottenham Hotspur,5,18,11,6,60,35,69,58,11,6,12,5,0,36,17,36,24,12,5,6,6,6,24,18,33,34,-1,0
2023,36,Newcastle United,6,17,13,5,56,35,78,56,22,4,12,3,3,39,18,48,21,27,13,5,10,2,17,17,30,35,-5,0
2023,36,Chelsea,7,15,11,9,54,35,70,59,11,7,10,4,4,34,18,42,25,17,9,5,7,5,20,17,28,34,-6,0
2023,36,Manchester United,8,16,13,6,54,35,52,55,-3,9,9,5,3,30,17,28,25,3,6,7,8,3,24,18,24,30,-6,0
2023,36,West Ham United,9,13,13,10,49,36,56,70,-14,13,6,4,8,26,18,28,27,1,7,7,9,2,23,18,28,43,-15,0
2023,36,Bournemouth,10,13,14,9,48,36,52,63,-11,11,7,5,6,27,18,26,26,0,8,6,9,3,21,18,26,37,-11,0
2023,36,Brighton and Hove Albion,11,12,12,11,47,35,53,57,-4,8,8,3,6,30,17,29,23,6,14,4,9,5,17,18,24,34,-10,0
2023,36,Wolverhampton Wanderers,12,13,16,7,46,36,49,60,-11,12,8,7,3,27,18,25,27,-2,11,5,9,4,19,18,24,33,-9,0
2023,36,Fulham,13,12,16,8,44,36,51,55,-4,10,9,7,2,29,18,31,20,11,15,3,9,6,15,18,20,35,-15,0
2023,36,Crystal Palace,14,11,15,10,43,36,49,57,-8,14,7,7,4,25,18,32,26,6,12,4,8,6,18,18,17,31,-14,0
2023,36,Everton,15,12,15,9,37,36,38,49,-11,15,7,7,4,25,18,21,18,3,10,5,8,5,20,18,17,31,-14,0
2023,36,Brentford,16,9,18,9,36,36,52,60,-8,16,5,6,7,22,18,27,30,-3,16,4,12,2,14,18,25,30,-5,0
2023,36,Nottingham Forest,17,8,19,9,29,36,45,63,-18,17,5,8,5,20,18,25,27,-2,18,3,11,4,13,18,20,36,-16,0
2023,36,Luton Town,18,6,22,8,26,36,49,78,-29,18,4,10,4,16,18,26,33,-7,19,2,12,4,10,18,23,45,-22,0
2023,36,Burnley,19,5,22,9,24,36,39,74,-35,19,2,12,4,10,18,18,41,-23,17,3,10,5,14,18,21,33,-12,0
2023,36,Sheffield United,20,3,26,7,16,36,35,100,-65,20,2,12,4,10,18,19,54,-35,20,1,14,3,6,18,16,46,-30,0
2023,37,Manchester City,1,27,3,7,88,37,93,33,60,2,13,0,5,44,18,48,15,33,1,14,3,2,44,19,45,18,27,1
2023,37,Arsenal,2,27,5,5,86,37,89,28,61,3,14,2,2,44,18,46,15,31,2,13,3,3,42,19,43,13,30,0
2023,37,Liverpool,3,23,4,10,79,37,84,41,43,1,14,1,3,45,18,47,17,30,3,9,3,7,34,19,37,24,13,0
2023,37,Aston Villa,4,20,9,8,68,37,76,56,20,5,12,3,4,40,19,48,28,20,4,8,6,4,28,18,28,28,0,0
2023,37,Tottenham Hotspur,5,19,12,6,63,37,71,61,10,6,13,6,0,39,19,38,27,11,6,6,6,6,24,18,33,34,-1,0
2023,37,Chelsea,6,17,11,9,60,37,75,62,13,7,10,4,4,34,18,42,25,17,5,7,7,5,26,19,33,37,-4,0
2023,37,Newcastle United,7,17,14,6,57,37,81,60,21,4,12,3,4,40,19,49,22,27,15,5,11,2,17,18,32,38,-6,0
2023,37,Manchester United,8,17,14,6,57,37,55,58,-3,8,10,6,3,33,19,31,28,3,7,7,8,3,24,18,24,30,-6,0
2023,37,West Ham United,9,14,13,10,52,37,59,71,-12,11,7,4,8,29,19,31,28,3,8,7,9,2,23,18,28,43,-15,0
2023,37,Brighton and Hove Albion,10,12,13,12,48,37,55,60,-5,9,8,4,6,30,18,30,25,5,13,4,9,6,18,19,25,35,-10,0
2023,37,Bournemouth,11,13,15,9,48,37,53,65,-12,13,7,6,6,27,19,27,28,-1,9,6,9,3,21,18,26,37,-11,0
2023,37,Crystal Palace,12,12,15,10,46,37,52,58,-6,15,7,7,4,25,18,32,26,6,10,5,8,6,21,19,20,32,-12,0
2023,37,Wolverhampton Wanderers,13,13,17,7,46,37,50,63,-13,14,8,8,3,27,19,26,30,-4,12,5,9,4,19,18,24,33,-9,0
2023,37,Fulham,14,12,17,8,44,37,51,59,-8,10,9,8,2,29,19,31,24,7,16,3,9,6,15,18,20,35,-15,0
2023,37,Everton,15,13,15,9,40,37,39,49,-10,12,8,7,4,28,19,22,18,4,11,5,8,5,20,18,17,31,-14,0
2023,37,Brentford,16,10,18,9,39,37,54,61,-7,16,5,6,7,22,18,27,30,-3,14,5,12,2,17,19,27,31,-4,0
2023,37,Nottingham Forest,17,8,20,9,29,37,47,66,-19,17,5,9,5,20,19,27,30,-3,18,3,11,4,13,18,20,36,-16,0
2023,37,Luton Town,18,6,23,8,26,37,50,81,-31,18,4,10,4,16,18,26,33,-7,19,2,13,4,10,19,24,48,-24,0
2023,37,Burnley,19,5,23,9,24,37,40,76,-36,19,2,12,4,10,18,18,41,-23,17,3,11,5,14,19,22,35,-13,0
2023,37,Sheffield United,20,3,27,7,16,37,35,101,-66,20,2,12,4,10,18,19,54,-35,20,1,15,3,6,19,16,47,-31,0
2023,38,Manchester City,1,28,3,7,91,38,96,34,62,2,14,0,5,47,19,51,16,35,1,14,3,2,44,19,45,18,27,1
2023,38,Arsenal,2,28,5,5,89,38,91,29,62,3,15,2,2,47,19,48,16,32,2,13,3,3,42,19,43,13,30,0
2023,38,Liverpool,3,24,4,10,82,38,86,41,45,1,15,1,3,48,19,49,17,32,3,9,3,7,34,19,37,24,13,0
2023,38,Aston Villa,4,20,10,8,68,38,76,61,15,5,12,3,4,40,19,48,28,20,4,8,7,4,28,19,28,33,-5,0
2023,38,Tottenham Hotspur,5,20,12,6,66,38,74,61,13,6,13,6,0,39,19,38,27,11,5,7,6,6,27,19,36,34,2,0
2023,38,Chelsea,6,18,11,9,63,38,77,63,14,7,11,4,4,37,19,44,26,18,7,7,7,5,26,19,33,37,-4,0
2023,38,Newcastle United,7,18,14,6,60,38,85,62,23,4,12,3,4,40,19,49,22,27,11,6,11,2,20,19,36,40,-4,0
2023,38,Manchester United,8,18,14,6,60,38,57,58,-1,8,10,6,3,33,19,31,28,3,6,8,8,3,27,19,26,30,-4,0
2023,38,West Ham United,9,14,14,10,52,38,60,74,-14,11,7,4,8,29,19,31,28,3,8,7,10,2,23,19,29,46,-17,0
2023,38,Crystal Palace,10,13,15,10,49,38,57,58,-1,12,8,7,4,28,19,37,26,11,10,5,8,6,21,19,20,32,-12,0
2023,38,Brighton and Hove Albion,11,12,14,12,48,38,55,62,-7,9,8,5,6,30,19,30,27,3,14,4,9,6,18,19,25,35,-10,0
2023,38,Bournemouth,12,13,16,9,48,38,54,67,-13,14,7,6,6,27,19,27,28,-1,9,6,10,3,21,19,27,39,-12,0
2023,38,Fulham,13,13,17,8,47,38,55,61,-6,10,9,8,2,29,19,31,24,7,15,4,9,6,18,19,24,37,-13,0
2023,38,Wolverhampton Wanderers,14,13,18,7,46,38,50,65,-15,15,8,8,3,27,19,26,30,-4,13,5,10,4,19,19,24,35,-11,0
2023,38,Everton,15,13,16,9,40,38,40,51,-11,13,8,7,4,28,19,22,18,4,12,5,9,5,20,19,18,33,-15,0
2023,38,Brentford,16,10,19,9,39,38,56,65,-9,16,5,7,7,22,19,29,34,-5,16,5,12,2,17,19,27,31,-4,0
2023,38,Nottingham Forest,17,9,20,9,32,38,49,67,-18,17,5,9,5,20,19,27,30,-3,17,4,11,4,16,19,22,37,-15,0
2023,38,Luton Town,18,6,24,8,26,38,52,85,-33,18,4,11,4,16,19,28,37,-9,19,2,13,4,10,19,24,48,-24,0
2023,38,Burnley,19,5,24,9,24,38,41,78,-37,19,2,13,4,10,19,19,43,-24,18,3,11,5,14,19,22,35,-13,0
2023,38,Sheffield United,20,3,28,7,16,38,35,104,-69,20,2,13,4,10,19,19,57,-38,20,1,15,3,6,19,16,47,-31,0
